x	y
0.163168371096224	0.207415721601435
0.359710808806489	0.389221544024122
0.266586550531089	0.361469479120916
0.562694786904108	0.827278071416153
0.190790751381334	0.220089638147958
0.169871525995465	0.198092591266983
0.0860322539033332	0.077991610094791
0.0262824696702958	0.0230030834046151
0.590677025364061	1.02466456126592
-0.0525802332332999	0.048695583200533
0.0961516256343532	0.100962626290019
0.584927704528327	0.771057036398791
0.505020810372468	0.553336002389902
0.362947080238397	0.581199128068398
0.198395570062705	0.272422023179745
-0.532863176530384	0.978558841189098
0.330723850113481	0.536266178564104
0.375911978635498	0.555290733490068
0.237810226990966	0.358273707646015
-0.18406144500096	0.243570789002541
0.450858403825299	0.727520380445883
0.117364253136882	0.149956888968964
0.295536954998041	0.384872685603997
0.744506877409959	0.712810361468601
0.311505516413468	0.513850097917975
0.190213991069667	0.303182975297618
0.0249150478502314	0.0304705406837848
0.316827347928339	0.479291432733102
0.226463684581474	0.27662742009365
0.529317952767084	0.457485511263851
0.441596005399414	0.389931864701372
0.389137091609767	0.618401173622575
