xmin	xmax	ymin	ymax	showSelected1	row_in_group	na_group
-3.45	-2.55	-0.992750091385403	0	4100,0	1	0
-2.45	-1.55	-0.637870110880955	0	4100,0	2	0
-1.45	-0.55	-0.0140124284147679	0	4100,0	3	0
0.55	1.45	-1.73266723528695	0	4100,0	5	1
4.55	5.45	-0.0935177287681248	0	4100,0	9	4
-43.45	-42.55	-2.6806384793469	0	4150,0	11	5
-39.45	-38.55	-0.189167783599366	0	4150,0	15	8
-38.45	-37.55	-1.31716827098818	0	4150,0	16	8
-37.45	-36.55	-0.168453758986231	0	4150,0	17	8
-36.45	-35.55	-1.95138296576094	0	4150,0	18	8
-35.45	-34.55	-0.422505178506153	0	4150,0	19	8
-34.45	-33.55	-1.29097112221275	0	4150,0	20	8
-33.45	-32.55	-0.739612525892531	0	4150,0	21	8
-32.45	-31.55	-0.692092116485927	0	4150,0	22	8
-31.45	-30.55	-0.424028268551237	0	4150,0	23	8
-30.45	-29.55	-0.0155355184598513	0	4150,0	24	8
-29.45	-28.55	-0.828560984525405	0	4150,0	25	8
-28.45	-27.55	-1.62178628000487	0	4150,0	26	8
-27.45	-26.55	-1.1971487754356	0	4150,0	27	8
-26.45	-25.55	-2.92067747045205	0	4150,0	28	8
-25.45	-24.55	-0.238820519069087	0	4150,0	29	8
-24.45	-23.55	-1.01072255391739	0	4150,0	30	8
-23.45	-22.55	-0.986962349214085	0	4150,0	31	8
-22.45	-21.55	-0.656147191421957	0	4150,0	32	8
-21.45	-20.55	-0.0155355184598513	0	4150,0	33	8
-17.45	-16.55	-0.155964420616547	0	4150,0	37	11
-16.45	-15.55	-1.32386986718655	0	4150,0	38	11
-15.45	-14.55	-0.225417326672353	0	4150,0	39	11
-14.45	-13.55	-0.854453515291824	0	4150,0	40	11
-12.45	-11.55	-1.92579505300353	0	4150,0	42	12
-11.45	-10.55	-0.14926282441818	0	4150,0	43	12
-9.45	-8.55	-1.45820640916291	0	4150,0	45	13
-8.45	-7.55	-2.46192274887291	0	4150,0	46	13
-7.45	-6.55	-1.3211283051054	0	4150,0	47	13
-6.45	-5.55	-1.01133178993542	0	4150,0	48	13
-5.45	-4.55	-0.469111733885707	0	4150,0	49	13
-4.45	-3.55	-0.0243694407213355	0	4150,0	50	13
-3.45	-2.55	-0.966857560618984	0	4150,0	51	13
-0.45	0.45	-0.0929084927500914	0	4150,0	54	15
1.55	2.45	-0.0740221761910564	0	4150,0	56	16
2.55	3.45	-0.0191909345680517	0	4150,0	57	16
3.55	4.45	-0.350310710369197	0	4150,0	58	16
-43.45	-42.55	-2.6806384793469	0	4150,50	60	17
-39.45	-38.55	-0.189167783599366	0	4150,50	64	20
-38.45	-37.55	-1.31716827098818	0	4150,50	65	20
-37.45	-36.55	-0.168453758986231	0	4150,50	66	20
-36.45	-35.55	-1.95138296576094	0	4150,50	67	20
-35.45	-34.55	-0.422505178506153	0	4150,50	68	20
-34.45	-33.55	-1.29097112221275	0	4150,50	69	20
-33.45	-32.55	-0.739612525892531	0	4150,50	70	20
-32.45	-31.55	-0.692092116485927	0	4150,50	71	20
-31.45	-30.55	-0.424028268551237	0	4150,50	72	20
-30.45	-29.55	-0.0155355184598513	0	4150,50	73	20
-29.45	-28.55	-0.828560984525405	0	4150,50	74	20
-28.45	-27.55	-1.62178628000487	0	4150,50	75	20
-27.45	-26.55	-1.1971487754356	0	4150,50	76	20
-26.45	-25.55	-2.92067747045205	0	4150,50	77	20
-25.45	-24.55	-0.238820519069087	0	4150,50	78	20
-24.45	-23.55	-1.01072255391739	0	4150,50	79	20
-23.45	-22.55	-0.986962349214085	0	4150,50	80	20
-22.45	-21.55	-0.656147191421957	0	4150,50	81	20
-21.45	-20.55	-0.0155355184598513	0	4150,50	82	20
-17.45	-16.55	-0.155964420616547	0	4150,50	86	23
-16.45	-15.55	-1.32386986718655	0	4150,50	87	23
-15.45	-14.55	-0.225417326672353	0	4150,50	88	23
-14.45	-13.55	-0.854453515291824	0	4150,50	89	23
-12.45	-11.55	-1.92579505300353	0	4150,50	91	24
-11.45	-10.55	-0.14926282441818	0	4150,50	92	24
-9.45	-8.55	-1.45820640916291	0	4150,50	94	25
-8.45	-7.55	-2.46192274887291	0	4150,50	95	25
-7.45	-6.55	-1.3211283051054	0	4150,50	96	25
-6.45	-5.55	-1.01133178993542	0	4150,50	97	25
-5.45	-4.55	-0.469111733885707	0	4150,50	98	25
-4.45	-3.55	-0.0243694407213355	0	4150,50	99	25
-3.45	-2.55	-0.966857560618984	0	4150,50	100	25
-0.45	0.45	-0.0929084927500914	0	4150,50	103	27
1.55	2.45	-0.0740221761910564	0	4150,50	105	28
2.55	3.45	-0.0191909345680517	0	4150,50	106	28
3.55	4.45	-0.350310710369197	0	4150,50	107	28
-43.45	-42.55	-0.749360302181065	0	4200,50	110	30
-42.45	-41.55	-0.286950164493725	0	4200,50	111	30
-41.45	-40.55	-0.084379188497624	0	4200,50	112	30
-35.45	-34.55	-0.0106616303155843	0	4200,50	118	35
-34.45	-33.55	-0.018886316559035	0	4200,50	119	35
-33.45	-32.55	-0.878213719995126	0	4200,50	120	35
-31.45	-30.55	-0.0155355184598513	0	4200,50	122	36
-28.45	-27.55	-0.0362495430729865	0	4200,50	125	38
-25.45	-24.55	-1.13287437553308	0	4200,50	128	40
-23.45	-22.55	-0.0487388814426709	0	4200,50	130	41
-22.45	-21.55	0	0	4200,50	131	41
-21.45	-20.55	-0.34817838430608	0	4200,50	132	41
-18.45	-17.55	-0.0222371146582186	0	4200,50	135	43
-17.45	-16.55	-0.228768124771536	0	4200,50	136	43
-12.45	-11.55	-0.236383574996954	0	4200,50	141	47
-11.45	-10.55	-0.341476788107713	0	4200,50	142	47
-9.45	-8.55	-0.360667722675765	0	4200,50	144	48
-1.45	-0.55	-0.42006823443402	0	4200,50	152	55
2.55	3.45	-0.168453758986231	0	4200,50	156	58
3.55	4.45	-0.214755696356769	0	4200,50	157	58
-43.45	-42.55	-0.749360302181065	0	4200,100	161	61
-42.45	-41.55	-0.286950164493725	0	4200,100	162	61
-41.45	-40.55	-0.084379188497624	0	4200,100	163	61
-35.45	-34.55	-0.0106616303155843	0	4200,100	169	66
-34.45	-33.55	-0.018886316559035	0	4200,100	170	66
-33.45	-32.55	-0.878213719995126	0	4200,100	171	66
-31.45	-30.55	-0.0155355184598513	0	4200,100	173	67
-28.45	-27.55	-0.0362495430729865	0	4200,100	176	69
-25.45	-24.55	-1.13287437553308	0	4200,100	179	71
-23.45	-22.55	-0.0487388814426709	0	4200,100	181	72
-22.45	-21.55	0	0	4200,100	182	72
-21.45	-20.55	-0.34817838430608	0	4200,100	183	72
-18.45	-17.55	-0.0222371146582186	0	4200,100	186	74
-17.45	-16.55	-0.228768124771536	0	4200,100	187	74
-12.45	-11.55	-0.236383574996954	0	4200,100	192	78
-11.45	-10.55	-0.341476788107713	0	4200,100	193	78
-9.45	-8.55	-0.360667722675765	0	4200,100	195	79
-1.45	-0.55	-0.42006823443402	0	4200,100	203	86
2.55	3.45	-0.168453758986231	0	4200,100	207	89
3.55	4.45	-0.214755696356769	0	4200,100	208	89
-44.45	-43.55	-0.101133178993542	0	4250,100	210	90
-42.45	-41.55	-0.0106616303155843	0	4250,100	212	91
-40.45	-39.55	-0.213537224320702	0	4250,100	214	92
-39.45	-38.55	-0.848665773120507	0	4250,100	215	92
-38.45	-37.55	-0.00304618009016693	0	4250,100	216	92
-37.45	-36.55	-0.219020348483002	0	4250,100	217	92
-33.45	-32.55	-0.846838065066407	0	4250,100	221	95
-32.45	-31.55	-1.07408309979286	0	4250,100	222	95
-31.45	-30.55	-1.79145851102717	0	4250,100	223	95
-30.45	-29.55	-0.553795540392348	0	4250,100	224	95
-29.45	-28.55	-0.473985622029974	0	4250,100	225	95
-28.45	-27.55	-0.065492871938589	0	4250,100	226	95
-27.45	-26.55	-0.255879127574022	0	4250,100	227	95
-23.45	-22.55	-0.0140124284147679	0	4250,100	231	98
-19.45	-18.55	-0.176069209211649	0	4250,100	235	101
-17.45	-16.55	-0.147130498355063	0	4250,100	237	102
-15.45	-14.55	-0.386255635433167	0	4250,100	239	103
-14.45	-13.55	-0.131899597904228	0	4250,100	240	103
-13.45	-12.55	-0.37864018520775	0	4250,100	241	103
-12.45	-11.55	-1.26782015352748	0	4250,100	242	103
-11.45	-10.55	-0.640916290971122	0	4250,100	243	103
-10.45	-9.55	-0.742963323991714	0	4250,100	244	103
-9.45	-8.55	-0.497136590715243	0	4250,100	245	103
-7.45	-6.55	-0.332033629828195	0	4250,100	247	104
-6.45	-5.55	-0.000609236018033386	0	4250,100	248	104
-5.45	-4.55	-0.704581454855611	0	4250,100	249	104
0.55	1.45	-1.3887535031071	0	4250,100	255	109
1.55	2.45	-0.716156939198245	0	4250,100	256	109
2.55	3.45	-0.442305349092238	0	4250,100	257	109
3.55	4.45	-0.506579748994761	0	4250,100	258	109
-44.45	-43.55	-0.101133178993542	0	4250,150	259	109
-42.45	-41.55	-0.0106616303155843	0	4250,150	261	110
-40.45	-39.55	-0.213537224320702	0	4250,150	263	111
-39.45	-38.55	-0.848665773120507	0	4250,150	264	111
-38.45	-37.55	-0.00304618009016693	0	4250,150	265	111
-37.45	-36.55	-0.219020348483002	0	4250,150	266	111
-33.45	-32.55	-0.846838065066407	0	4250,150	270	114
-32.45	-31.55	-1.07408309979286	0	4250,150	271	114
-31.45	-30.55	-1.79145851102717	0	4250,150	272	114
-30.45	-29.55	-0.553795540392348	0	4250,150	273	114
-29.45	-28.55	-0.473985622029974	0	4250,150	274	114
-28.45	-27.55	-0.065492871938589	0	4250,150	275	114
-27.45	-26.55	-0.255879127574022	0	4250,150	276	114
-23.45	-22.55	-0.0140124284147679	0	4250,150	280	117
-19.45	-18.55	-0.176069209211649	0	4250,150	284	120
-17.45	-16.55	-0.147130498355063	0	4250,150	286	121
-15.45	-14.55	-0.386255635433167	0	4250,150	288	122
-14.45	-13.55	-0.131899597904228	0	4250,150	289	122
-13.45	-12.55	-0.37864018520775	0	4250,150	290	122
-12.45	-11.55	-1.26782015352748	0	4250,150	291	122
-11.45	-10.55	-0.640916290971122	0	4250,150	292	122
-10.45	-9.55	-0.742963323991714	0	4250,150	293	122
-9.45	-8.55	-0.497136590715243	0	4250,150	294	122
-7.45	-6.55	-0.332033629828195	0	4250,150	296	123
-6.45	-5.55	-0.000609236018033386	0	4250,150	297	123
-5.45	-4.55	-0.704581454855611	0	4250,150	298	123
0.55	1.45	-1.3887535031071	0	4250,150	304	128
1.55	2.45	-0.716156939198245	0	4250,150	305	128
2.55	3.45	-0.442305349092238	0	4250,150	306	128
3.55	4.45	-0.506579748994761	0	4250,150	307	128
-45.45	-44.55	-0.601925185816986	0	4300,150	308	128
-44.45	-43.55	-0.669245765809675	0	4300,150	309	128
-43.45	-42.55	-0.057572803704155	0	4300,150	310	128
-42.45	-41.55	-0.506884367003777	0	4300,150	311	128
-41.45	-40.55	-0.409711222127452	0	4300,150	312	128
-39.45	-38.55	-0.227245034726453	0	4300,150	314	129
-38.45	-37.55	-2.14146460338735	0	4300,150	315	129
-37.45	-36.55	-0.0825514804435238	0	4300,150	316	129
-36.45	-35.55	-2.50335079809918	0	4300,150	317	129
-35.45	-34.55	-2.55574509565006	0	4300,150	318	129
-34.45	-33.55	-0.370720116973315	0	4300,150	319	129
-33.45	-32.55	-1.99098330693311	0	4300,150	320	129
-32.45	-31.55	-1.83227732423541	0	4300,150	321	129
-30.45	-29.55	-0.0545266236139881	0	4300,150	323	130
-29.45	-28.55	-0.922383331302547	0	4300,150	324	130
-28.45	-27.55	-1.67082977945656	0	4300,150	325	130
-27.45	-26.55	-1.17948093091264	0	4300,150	326	130
-26.45	-25.55	-1.2918849762398	0	4300,150	327	130
-25.45	-24.55	-1.11429267698306	0	4300,150	328	130
-24.45	-23.55	-0.547093944193981	0	4300,150	329	130
-23.45	-22.55	-1.65285731692458	0	4300,150	330	130
-21.45	-20.55	-0.0770683562812234	0	4300,150	332	131
-20.45	-19.55	-1.69367613013281	0	4300,150	333	131
-19.45	-18.55	-1.60350919946387	0	4300,150	334	131
-17.45	-16.55	-0.0974777628853418	0	4300,150	336	132
-16.45	-15.55	-0.0243694407213355	0	4300,150	337	132
-14.45	-13.55	-1.68392835384428	0	4300,150	339	133
-13.45	-12.55	-0.811806994029487	0	4300,150	340	133
-12.45	-11.55	-0.23211892287072	0	4300,150	341	133
-11.45	-10.55	-0.723163153405629	0	4300,150	342	133
-10.45	-9.55	-1.19867186548069	0	4300,150	343	133
-9.45	-8.55	-0.516022907274278	0	4300,150	344	133
-6.45	-5.55	-0.399354209820885	0	4300,150	347	135
-5.45	-4.55	-1.113074204947	0	4300,150	348	135
-4.45	-3.55	-0.259534543682223	0	4300,150	349	135
-2.45	-1.55	-0.217497258437919	0	4300,150	351	136
-1.45	-0.55	-0.188253929572316	0	4300,150	352	136
-0.45	0.45	-0.275983916169124	0	4300,150	353	136
0.55	1.45	-0.226940416717436	0	4300,150	354	136
1.55	2.45	-0.360667722675765	0	4300,150	355	136
2.55	3.45	-0.841354940904106	0	4300,150	356	136
3.55	4.45	-0.813634702083587	0	4300,150	357	136
4.55	5.45	-0.953454368222249	0	4300,150	358	136
-45.45	-44.55	-0.601925185816986	0	4300,200	359	136
-44.45	-43.55	-0.669245765809675	0	4300,200	360	136
-43.45	-42.55	-0.057572803704155	0	4300,200	361	136
-42.45	-41.55	-0.506884367003777	0	4300,200	362	136
-41.45	-40.55	-0.409711222127452	0	4300,200	363	136
-39.45	-38.55	-0.227245034726453	0	4300,200	365	137
-38.45	-37.55	-2.14146460338735	0	4300,200	366	137
-37.45	-36.55	-0.0825514804435238	0	4300,200	367	137
-36.45	-35.55	-2.50335079809918	0	4300,200	368	137
-35.45	-34.55	-2.55574509565006	0	4300,200	369	137
-34.45	-33.55	-0.370720116973315	0	4300,200	370	137
-33.45	-32.55	-1.99098330693311	0	4300,200	371	137
-32.45	-31.55	-1.83227732423541	0	4300,200	372	137
-30.45	-29.55	-0.0545266236139881	0	4300,200	374	138
-29.45	-28.55	-0.922383331302547	0	4300,200	375	138
-28.45	-27.55	-1.67082977945656	0	4300,200	376	138
-27.45	-26.55	-1.17948093091264	0	4300,200	377	138
-26.45	-25.55	-1.2918849762398	0	4300,200	378	138
-25.45	-24.55	-1.11429267698306	0	4300,200	379	138
-24.45	-23.55	-0.547093944193981	0	4300,200	380	138
-23.45	-22.55	-1.65285731692458	0	4300,200	381	138
-21.45	-20.55	-0.0770683562812234	0	4300,200	383	139
-20.45	-19.55	-1.69367613013281	0	4300,200	384	139
-19.45	-18.55	-1.60350919946387	0	4300,200	385	139
-17.45	-16.55	-0.0974777628853418	0	4300,200	387	140
-16.45	-15.55	-0.0243694407213355	0	4300,200	388	140
-14.45	-13.55	-1.68392835384428	0	4300,200	390	141
-13.45	-12.55	-0.811806994029487	0	4300,200	391	141
-12.45	-11.55	-0.23211892287072	0	4300,200	392	141
-11.45	-10.55	-0.723163153405629	0	4300,200	393	141
-10.45	-9.55	-1.19867186548069	0	4300,200	394	141
-9.45	-8.55	-0.516022907274278	0	4300,200	395	141
-6.45	-5.55	-0.399354209820885	0	4300,200	398	143
-5.45	-4.55	-1.113074204947	0	4300,200	399	143
-4.45	-3.55	-0.259534543682223	0	4300,200	400	143
-2.45	-1.55	-0.217497258437919	0	4300,200	402	144
-1.45	-0.55	-0.188253929572316	0	4300,200	403	144
-0.45	0.45	-0.275983916169124	0	4300,200	404	144
0.55	1.45	-0.226940416717436	0	4300,200	405	144
1.55	2.45	-0.360667722675765	0	4300,200	406	144
2.55	3.45	-0.841354940904106	0	4300,200	407	144
3.55	4.45	-0.813634702083587	0	4300,200	408	144
4.55	5.45	-0.953454368222249	0	4300,200	409	144
-44.45	-43.55	-0.000609236018033386	0	4350,200	410	144
-43.45	-42.55	-0.325636651638845	0	4350,200	411	144
-41.45	-40.55	-0.061532837821372	0	4350,200	413	145
-37.45	-36.55	-0.14834897039113	0	4350,200	417	148
-36.45	-35.55	-0.300048738881443	0	4350,200	418	148
-34.45	-33.55	-0.0743267942000731	0	4350,200	420	149
-33.45	-32.55	-0.0545266236139881	0	4350,200	421	149
-29.45	-28.55	-0.351529182405264	0	4350,200	425	152
-26.45	-25.55	-0.5711587669063	0	4350,200	428	154
-25.45	-24.55	-1.02778116242232	0	4350,200	429	154
-23.45	-22.55	-0.0487388814426709	0	4350,200	431	155
-22.45	-21.55	-0.827951748507372	0	4350,200	432	155
-18.45	-17.55	-0.707323016936761	0	4350,200	436	158
-11.45	-10.55	-1.03844279273791	0	4350,200	443	164
-10.45	-9.55	-1.38814426708907	0	4350,200	444	164
-9.45	-8.55	-1.1240404532716	0	4350,200	445	164
-7.45	-6.55	-1.04910442305349	0	4350,200	447	165
-5.45	-4.55	-0.115754843426343	0	4350,200	449	166
-4.45	-3.55	-0.425246740587304	0	4350,200	450	166
-3.45	-2.55	-0.703058364810528	0	4350,200	451	166
-1.45	-0.55	-0.710064579017912	0	4350,200	453	167
-0.45	0.45	-0.512672109175094	0	4350,200	454	167
0.55	1.45	-0.574204946996466	0	4350,200	455	167
2.55	3.45	-0.208358718167418	0	4350,200	457	168
3.55	4.45	-0.179115389301816	0	4350,200	458	168
-44.45	-43.55	-0.000609236018033386	0	4350,250	459	168
-43.45	-42.55	-0.325636651638845	0	4350,250	460	168
-41.45	-40.55	-0.061532837821372	0	4350,250	462	169
-37.45	-36.55	-0.14834897039113	0	4350,250	466	172
-36.45	-35.55	-0.300048738881443	0	4350,250	467	172
-34.45	-33.55	-0.0743267942000731	0	4350,250	469	173
-33.45	-32.55	-0.0545266236139881	0	4350,250	470	173
-29.45	-28.55	-0.351529182405264	0	4350,250	474	176
-26.45	-25.55	-0.5711587669063	0	4350,250	477	178
-25.45	-24.55	-1.02778116242232	0	4350,250	478	178
-23.45	-22.55	-0.0487388814426709	0	4350,250	480	179
-22.45	-21.55	-0.827951748507372	0	4350,250	481	179
-18.45	-17.55	-0.707323016936761	0	4350,250	485	182
-11.45	-10.55	-1.03844279273791	0	4350,250	492	188
-10.45	-9.55	-1.38814426708907	0	4350,250	493	188
-9.45	-8.55	-1.1240404532716	0	4350,250	494	188
-7.45	-6.55	-1.04910442305349	0	4350,250	496	189
-5.45	-4.55	-0.115754843426343	0	4350,250	498	190
-4.45	-3.55	-0.425246740587304	0	4350,250	499	190
-3.45	-2.55	-0.703058364810528	0	4350,250	500	190
-1.45	-0.55	-0.710064579017912	0	4350,250	502	191
-0.45	0.45	-0.512672109175094	0	4350,250	503	191
0.55	1.45	-0.574204946996466	0	4350,250	504	191
2.55	3.45	-0.208358718167418	0	4350,250	506	192
3.55	4.45	-0.179115389301816	0	4350,250	507	192
-43.45	-42.55	-0.749360302181065	0	4200,0	510	194
-42.45	-41.55	-0.286950164493725	0	4200,0	511	194
-41.45	-40.55	-0.084379188497624	0	4200,0	512	194
-35.45	-34.55	-0.0106616303155843	0	4200,0	518	199
-34.45	-33.55	-0.018886316559035	0	4200,0	519	199
-33.45	-32.55	-0.878213719995126	0	4200,0	520	199
-31.45	-30.55	-0.0155355184598513	0	4200,0	522	200
-28.45	-27.55	-0.0362495430729865	0	4200,0	525	202
-25.45	-24.55	-1.13287437553308	0	4200,0	528	204
-23.45	-22.55	-0.0487388814426709	0	4200,0	530	205
-22.45	-21.55	0	0	4200,0	531	205
-21.45	-20.55	-0.34817838430608	0	4200,0	532	205
-18.45	-17.55	-0.0222371146582186	0	4200,0	535	207
-17.45	-16.55	-0.228768124771536	0	4200,0	536	207
-12.45	-11.55	-0.236383574996954	0	4200,0	541	211
-11.45	-10.55	-0.341476788107713	0	4200,0	542	211
-9.45	-8.55	-0.360667722675765	0	4200,0	544	212
-1.45	-0.55	-0.42006823443402	0	4200,0	552	219
2.55	3.45	-0.168453758986231	0	4200,0	556	222
3.55	4.45	-0.214755696356769	0	4200,0	557	222
-45.45	-44.55	-0.601925185816986	0	4300,100	559	223
-44.45	-43.55	-0.669245765809675	0	4300,100	560	223
-43.45	-42.55	-0.057572803704155	0	4300,100	561	223
-42.45	-41.55	-0.506884367003777	0	4300,100	562	223
-41.45	-40.55	-0.409711222127452	0	4300,100	563	223
-39.45	-38.55	-0.227245034726453	0	4300,100	565	224
-38.45	-37.55	-2.14146460338735	0	4300,100	566	224
-37.45	-36.55	-0.0825514804435238	0	4300,100	567	224
-36.45	-35.55	-2.50335079809918	0	4300,100	568	224
-35.45	-34.55	-2.55574509565006	0	4300,100	569	224
-34.45	-33.55	-0.370720116973315	0	4300,100	570	224
-33.45	-32.55	-1.99098330693311	0	4300,100	571	224
-32.45	-31.55	-1.83227732423541	0	4300,100	572	224
-30.45	-29.55	-0.0545266236139881	0	4300,100	574	225
-29.45	-28.55	-0.922383331302547	0	4300,100	575	225
-28.45	-27.55	-1.67082977945656	0	4300,100	576	225
-27.45	-26.55	-1.17948093091264	0	4300,100	577	225
-26.45	-25.55	-1.2918849762398	0	4300,100	578	225
-25.45	-24.55	-1.11429267698306	0	4300,100	579	225
-24.45	-23.55	-0.547093944193981	0	4300,100	580	225
-23.45	-22.55	-1.65285731692458	0	4300,100	581	225
-21.45	-20.55	-0.0770683562812234	0	4300,100	583	226
-20.45	-19.55	-1.69367613013281	0	4300,100	584	226
-19.45	-18.55	-1.60350919946387	0	4300,100	585	226
-17.45	-16.55	-0.0974777628853418	0	4300,100	587	227
-16.45	-15.55	-0.0243694407213355	0	4300,100	588	227
-14.45	-13.55	-1.68392835384428	0	4300,100	590	228
-13.45	-12.55	-0.811806994029487	0	4300,100	591	228
-12.45	-11.55	-0.23211892287072	0	4300,100	592	228
-11.45	-10.55	-0.723163153405629	0	4300,100	593	228
-10.45	-9.55	-1.19867186548069	0	4300,100	594	228
-9.45	-8.55	-0.516022907274278	0	4300,100	595	228
-6.45	-5.55	-0.399354209820885	0	4300,100	598	230
-5.45	-4.55	-1.113074204947	0	4300,100	599	230
-4.45	-3.55	-0.259534543682223	0	4300,100	600	230
-2.45	-1.55	-0.217497258437919	0	4300,100	602	231
-1.45	-0.55	-0.188253929572316	0	4300,100	603	231
-0.45	0.45	-0.275983916169124	0	4300,100	604	231
0.55	1.45	-0.226940416717436	0	4300,100	605	231
1.55	2.45	-0.360667722675765	0	4300,100	606	231
2.55	3.45	-0.841354940904106	0	4300,100	607	231
3.55	4.45	-0.813634702083587	0	4300,100	608	231
4.55	5.45	-0.953454368222249	0	4300,100	609	231
-44.45	-43.55	-0.101133178993542	0	4250,50	610	231
-42.45	-41.55	-0.0106616303155843	0	4250,50	612	232
-40.45	-39.55	-0.213537224320702	0	4250,50	614	233
-39.45	-38.55	-0.848665773120507	0	4250,50	615	233
-38.45	-37.55	-0.00304618009016693	0	4250,50	616	233
-37.45	-36.55	-0.219020348483002	0	4250,50	617	233
-33.45	-32.55	-0.846838065066407	0	4250,50	621	236
-32.45	-31.55	-1.07408309979286	0	4250,50	622	236
-31.45	-30.55	-1.79145851102717	0	4250,50	623	236
-30.45	-29.55	-0.553795540392348	0	4250,50	624	236
-29.45	-28.55	-0.473985622029974	0	4250,50	625	236
-28.45	-27.55	-0.065492871938589	0	4250,50	626	236
-27.45	-26.55	-0.255879127574022	0	4250,50	627	236
-23.45	-22.55	-0.0140124284147679	0	4250,50	631	239
-19.45	-18.55	-0.176069209211649	0	4250,50	635	242
-17.45	-16.55	-0.147130498355063	0	4250,50	637	243
-15.45	-14.55	-0.386255635433167	0	4250,50	639	244
-14.45	-13.55	-0.131899597904228	0	4250,50	640	244
-13.45	-12.55	-0.37864018520775	0	4250,50	641	244
-12.45	-11.55	-1.26782015352748	0	4250,50	642	244
-11.45	-10.55	-0.640916290971122	0	4250,50	643	244
-10.45	-9.55	-0.742963323991714	0	4250,50	644	244
-9.45	-8.55	-0.497136590715243	0	4250,50	645	244
-7.45	-6.55	-0.332033629828195	0	4250,50	647	245
-6.45	-5.55	-0.000609236018033386	0	4250,50	648	245
-5.45	-4.55	-0.704581454855611	0	4250,50	649	245
0.55	1.45	-1.3887535031071	0	4250,50	655	250
1.55	2.45	-0.716156939198245	0	4250,50	656	250
2.55	3.45	-0.442305349092238	0	4250,50	657	250
3.55	4.45	-0.506579748994761	0	4250,50	658	250
-44.45	-43.55	-0.000609236018033386	0	4350,150	659	250
-43.45	-42.55	-0.325636651638845	0	4350,150	660	250
-41.45	-40.55	-0.061532837821372	0	4350,150	662	251
-37.45	-36.55	-0.14834897039113	0	4350,150	666	254
-36.45	-35.55	-0.300048738881443	0	4350,150	667	254
-34.45	-33.55	-0.0743267942000731	0	4350,150	669	255
-33.45	-32.55	-0.0545266236139881	0	4350,150	670	255
-29.45	-28.55	-0.351529182405264	0	4350,150	674	258
-26.45	-25.55	-0.5711587669063	0	4350,150	677	260
-25.45	-24.55	-1.02778116242232	0	4350,150	678	260
-23.45	-22.55	-0.0487388814426709	0	4350,150	680	261
-22.45	-21.55	-0.827951748507372	0	4350,150	681	261
-18.45	-17.55	-0.707323016936761	0	4350,150	685	264
-11.45	-10.55	-1.03844279273791	0	4350,150	692	270
-10.45	-9.55	-1.38814426708907	0	4350,150	693	270
-9.45	-8.55	-1.1240404532716	0	4350,150	694	270
-7.45	-6.55	-1.04910442305349	0	4350,150	696	271
-5.45	-4.55	-0.115754843426343	0	4350,150	698	272
-4.45	-3.55	-0.425246740587304	0	4350,150	699	272
-3.45	-2.55	-0.703058364810528	0	4350,150	700	272
-1.45	-0.55	-0.710064579017912	0	4350,150	702	273
-0.45	0.45	-0.512672109175094	0	4350,150	703	273
0.55	1.45	-0.574204946996466	0	4350,150	704	273
2.55	3.45	-0.208358718167418	0	4350,150	706	274
3.55	4.45	-0.179115389301816	0	4350,150	707	274
-45.45	-44.55	-0.255879127574022	0	4400,200	708	274
-44.45	-43.55	-0.841354940904106	0	4400,200	709	274
-43.45	-42.55	-0.57207262093335	0	4400,200	710	274
-42.45	-41.55	-1.40520287559401	0	4400,200	711	274
-41.45	-40.55	-0.0106616303155843	0	4400,200	712	274
-40.45	-39.55	-0.0106616303155843	0	4400,200	713	274
-39.45	-38.55	-0.430729864749604	0	4400,200	714	274
-38.45	-37.55	-0.340258316071646	0	4400,200	715	274
-36.45	-35.55	-0.284817838430608	0	4400,200	717	275
-35.45	-34.55	-0.163884488850981	0	4400,200	718	275
-32.45	-31.55	-0.332338247837212	0	4400,200	721	277
-31.45	-30.55	-1.27878640185208	0	4400,200	722	277
-30.45	-29.55	-0.0855976605336907	0	4400,200	723	277
-29.45	-28.55	-0.735957109784331	0	4400,200	724	277
-28.45	-27.55	-0.0207140246131351	0	4400,200	725	277
-27.45	-26.55	-1.75947362008042	0	4400,200	726	277
-26.45	-25.55	-0.871816741805776	0	4400,200	727	277
-25.45	-24.55	-3.9798342878031	0	4400,200	728	277
-24.45	-23.55	-0.513281345193128	0	4400,200	729	277
-23.45	-22.55	-0.522419885463629	0	4400,200	730	277
-22.45	-21.55	-1.1916656512733	0	4400,200	731	277
-21.45	-20.55	-0.00731083221640063	0	4400,200	732	277
-20.45	-19.55	-1.26599244547338	0	4400,200	733	277
-19.45	-18.55	-0.330205921774095	0	4400,200	734	277
-16.45	-15.55	-0.505970512976727	0	4400,200	737	279
-14.45	-13.55	-0.929389545509931	0	4400,200	739	280
-12.45	-11.55	-0.321371999512611	0	4400,200	741	281
-11.45	-10.55	-0.042646521262337	0	4400,200	742	281
-9.45	-8.55	-0.774338978920434	0	4400,200	744	282
-7.45	-6.55	-0.174850737175582	0	4400,200	746	283
-5.45	-4.55	-0.0849884245156574	0	4400,200	748	284
-1.45	-0.55	-1.63122943828439	0	4400,200	752	287
-0.45	0.45	-1.92640428902157	0	4400,200	753	287
0.55	1.45	-0.684781284269526	0	4400,200	754	287
1.55	2.45	-0.289996344583892	0	4400,200	755	287
3.55	4.45	-1.28152796393323	0	4400,200	757	288
4.55	5.45	-0.411234312172536	0	4400,200	758	288
-44.45	-43.55	-0.101133178993542	0	4250,0	759	288
-42.45	-41.55	-0.0106616303155843	0	4250,0	761	289
-40.45	-39.55	-0.213537224320702	0	4250,0	763	290
-39.45	-38.55	-0.848665773120507	0	4250,0	764	290
-38.45	-37.55	-0.00304618009016693	0	4250,0	765	290
-37.45	-36.55	-0.219020348483002	0	4250,0	766	290
-33.45	-32.55	-0.846838065066407	0	4250,0	770	293
-32.45	-31.55	-1.07408309979286	0	4250,0	771	293
-31.45	-30.55	-1.79145851102717	0	4250,0	772	293
-30.45	-29.55	-0.553795540392348	0	4250,0	773	293
-29.45	-28.55	-0.473985622029974	0	4250,0	774	293
-28.45	-27.55	-0.065492871938589	0	4250,0	775	293
-27.45	-26.55	-0.255879127574022	0	4250,0	776	293
-23.45	-22.55	-0.0140124284147679	0	4250,0	780	296
-19.45	-18.55	-0.176069209211649	0	4250,0	784	299
-17.45	-16.55	-0.147130498355063	0	4250,0	786	300
-15.45	-14.55	-0.386255635433167	0	4250,0	788	301
-14.45	-13.55	-0.131899597904228	0	4250,0	789	301
-13.45	-12.55	-0.37864018520775	0	4250,0	790	301
-12.45	-11.55	-1.26782015352748	0	4250,0	791	301
-11.45	-10.55	-0.640916290971122	0	4250,0	792	301
-10.45	-9.55	-0.742963323991714	0	4250,0	793	301
-9.45	-8.55	-0.497136590715243	0	4250,0	794	301
-7.45	-6.55	-0.332033629828195	0	4250,0	796	302
-6.45	-5.55	-0.000609236018033386	0	4250,0	797	302
-5.45	-4.55	-0.704581454855611	0	4250,0	798	302
0.55	1.45	-1.3887535031071	0	4250,0	804	307
1.55	2.45	-0.716156939198245	0	4250,0	805	307
2.55	3.45	-0.442305349092238	0	4250,0	806	307
3.55	4.45	-0.506579748994761	0	4250,0	807	307
-45.45	-44.55	-0.601925185816986	0	4300,50	808	307
-44.45	-43.55	-0.669245765809675	0	4300,50	809	307
-43.45	-42.55	-0.057572803704155	0	4300,50	810	307
-42.45	-41.55	-0.506884367003777	0	4300,50	811	307
-41.45	-40.55	-0.409711222127452	0	4300,50	812	307
-39.45	-38.55	-0.227245034726453	0	4300,50	814	308
-38.45	-37.55	-2.14146460338735	0	4300,50	815	308
-37.45	-36.55	-0.0825514804435238	0	4300,50	816	308
-36.45	-35.55	-2.50335079809918	0	4300,50	817	308
-35.45	-34.55	-2.55574509565006	0	4300,50	818	308
-34.45	-33.55	-0.370720116973315	0	4300,50	819	308
-33.45	-32.55	-1.99098330693311	0	4300,50	820	308
-32.45	-31.55	-1.83227732423541	0	4300,50	821	308
-30.45	-29.55	-0.0545266236139881	0	4300,50	823	309
-29.45	-28.55	-0.922383331302547	0	4300,50	824	309
-28.45	-27.55	-1.67082977945656	0	4300,50	825	309
-27.45	-26.55	-1.17948093091264	0	4300,50	826	309
-26.45	-25.55	-1.2918849762398	0	4300,50	827	309
-25.45	-24.55	-1.11429267698306	0	4300,50	828	309
-24.45	-23.55	-0.547093944193981	0	4300,50	829	309
-23.45	-22.55	-1.65285731692458	0	4300,50	830	309
-21.45	-20.55	-0.0770683562812234	0	4300,50	832	310
-20.45	-19.55	-1.69367613013281	0	4300,50	833	310
-19.45	-18.55	-1.60350919946387	0	4300,50	834	310
-17.45	-16.55	-0.0974777628853418	0	4300,50	836	311
-16.45	-15.55	-0.0243694407213355	0	4300,50	837	311
-14.45	-13.55	-1.68392835384428	0	4300,50	839	312
-13.45	-12.55	-0.811806994029487	0	4300,50	840	312
-12.45	-11.55	-0.23211892287072	0	4300,50	841	312
-11.45	-10.55	-0.723163153405629	0	4300,50	842	312
-10.45	-9.55	-1.19867186548069	0	4300,50	843	312
-9.45	-8.55	-0.516022907274278	0	4300,50	844	312
-6.45	-5.55	-0.399354209820885	0	4300,50	847	314
-5.45	-4.55	-1.113074204947	0	4300,50	848	314
-4.45	-3.55	-0.259534543682223	0	4300,50	849	314
-2.45	-1.55	-0.217497258437919	0	4300,50	851	315
-1.45	-0.55	-0.188253929572316	0	4300,50	852	315
-0.45	0.45	-0.275983916169124	0	4300,50	853	315
0.55	1.45	-0.226940416717436	0	4300,50	854	315
1.55	2.45	-0.360667722675765	0	4300,50	855	315
2.55	3.45	-0.841354940904106	0	4300,50	856	315
3.55	4.45	-0.813634702083587	0	4300,50	857	315
4.55	5.45	-0.953454368222249	0	4300,50	858	315
-44.45	-43.55	-0.000609236018033386	0	4350,100	859	315
-43.45	-42.55	-0.325636651638845	0	4350,100	860	315
-41.45	-40.55	-0.061532837821372	0	4350,100	862	316
-37.45	-36.55	-0.14834897039113	0	4350,100	866	319
-36.45	-35.55	-0.300048738881443	0	4350,100	867	319
-34.45	-33.55	-0.0743267942000731	0	4350,100	869	320
-33.45	-32.55	-0.0545266236139881	0	4350,100	870	320
-29.45	-28.55	-0.351529182405264	0	4350,100	874	323
-26.45	-25.55	-0.5711587669063	0	4350,100	877	325
-25.45	-24.55	-1.02778116242232	0	4350,100	878	325
-23.45	-22.55	-0.0487388814426709	0	4350,100	880	326
-22.45	-21.55	-0.827951748507372	0	4350,100	881	326
-18.45	-17.55	-0.707323016936761	0	4350,100	885	329
-11.45	-10.55	-1.03844279273791	0	4350,100	892	335
-10.45	-9.55	-1.38814426708907	0	4350,100	893	335
-9.45	-8.55	-1.1240404532716	0	4350,100	894	335
-7.45	-6.55	-1.04910442305349	0	4350,100	896	336
-5.45	-4.55	-0.115754843426343	0	4350,100	898	337
-4.45	-3.55	-0.425246740587304	0	4350,100	899	337
-3.45	-2.55	-0.703058364810528	0	4350,100	900	337
-1.45	-0.55	-0.710064579017912	0	4350,100	902	338
-0.45	0.45	-0.512672109175094	0	4350,100	903	338
0.55	1.45	-0.574204946996466	0	4350,100	904	338
2.55	3.45	-0.208358718167418	0	4350,100	906	339
3.55	4.45	-0.179115389301816	0	4350,100	907	339
-45.45	-44.55	-0.255879127574022	0	4400,150	908	339
-44.45	-43.55	-0.841354940904106	0	4400,150	909	339
-43.45	-42.55	-0.57207262093335	0	4400,150	910	339
-42.45	-41.55	-1.40520287559401	0	4400,150	911	339
-41.45	-40.55	-0.0106616303155843	0	4400,150	912	339
-40.45	-39.55	-0.0106616303155843	0	4400,150	913	339
-39.45	-38.55	-0.430729864749604	0	4400,150	914	339
-38.45	-37.55	-0.340258316071646	0	4400,150	915	339
-36.45	-35.55	-0.284817838430608	0	4400,150	917	340
-35.45	-34.55	-0.163884488850981	0	4400,150	918	340
-32.45	-31.55	-0.332338247837212	0	4400,150	921	342
-31.45	-30.55	-1.27878640185208	0	4400,150	922	342
-30.45	-29.55	-0.0855976605336907	0	4400,150	923	342
-29.45	-28.55	-0.735957109784331	0	4400,150	924	342
-28.45	-27.55	-0.0207140246131351	0	4400,150	925	342
-27.45	-26.55	-1.75947362008042	0	4400,150	926	342
-26.45	-25.55	-0.871816741805776	0	4400,150	927	342
-25.45	-24.55	-3.9798342878031	0	4400,150	928	342
-24.45	-23.55	-0.513281345193128	0	4400,150	929	342
-23.45	-22.55	-0.522419885463629	0	4400,150	930	342
-22.45	-21.55	-1.1916656512733	0	4400,150	931	342
-21.45	-20.55	-0.00731083221640063	0	4400,150	932	342
-20.45	-19.55	-1.26599244547338	0	4400,150	933	342
-19.45	-18.55	-0.330205921774095	0	4400,150	934	342
-16.45	-15.55	-0.505970512976727	0	4400,150	937	344
-14.45	-13.55	-0.929389545509931	0	4400,150	939	345
-12.45	-11.55	-0.321371999512611	0	4400,150	941	346
-11.45	-10.55	-0.042646521262337	0	4400,150	942	346
-9.45	-8.55	-0.774338978920434	0	4400,150	944	347
-7.45	-6.55	-0.174850737175582	0	4400,150	946	348
-5.45	-4.55	-0.0849884245156574	0	4400,150	948	349
-1.45	-0.55	-1.63122943828439	0	4400,150	952	352
-0.45	0.45	-1.92640428902157	0	4400,150	953	352
0.55	1.45	-0.684781284269526	0	4400,150	954	352
1.55	2.45	-0.289996344583892	0	4400,150	955	352
3.55	4.45	-1.28152796393323	0	4400,150	957	353
4.55	5.45	-0.411234312172536	0	4400,150	958	353
-45.45	-44.55	-0.601925185816986	0	4300,0	959	353
-44.45	-43.55	-0.669245765809675	0	4300,0	960	353
-43.45	-42.55	-0.057572803704155	0	4300,0	961	353
-42.45	-41.55	-0.506884367003777	0	4300,0	962	353
-41.45	-40.55	-0.409711222127452	0	4300,0	963	353
-39.45	-38.55	-0.227245034726453	0	4300,0	965	354
-38.45	-37.55	-2.14146460338735	0	4300,0	966	354
-37.45	-36.55	-0.0825514804435238	0	4300,0	967	354
-36.45	-35.55	-2.50335079809918	0	4300,0	968	354
-35.45	-34.55	-2.55574509565006	0	4300,0	969	354
-34.45	-33.55	-0.370720116973315	0	4300,0	970	354
-33.45	-32.55	-1.99098330693311	0	4300,0	971	354
-32.45	-31.55	-1.83227732423541	0	4300,0	972	354
-30.45	-29.55	-0.0545266236139881	0	4300,0	974	355
-29.45	-28.55	-0.922383331302547	0	4300,0	975	355
-28.45	-27.55	-1.67082977945656	0	4300,0	976	355
-27.45	-26.55	-1.17948093091264	0	4300,0	977	355
-26.45	-25.55	-1.2918849762398	0	4300,0	978	355
-25.45	-24.55	-1.11429267698306	0	4300,0	979	355
-24.45	-23.55	-0.547093944193981	0	4300,0	980	355
-23.45	-22.55	-1.65285731692458	0	4300,0	981	355
-21.45	-20.55	-0.0770683562812234	0	4300,0	983	356
-20.45	-19.55	-1.69367613013281	0	4300,0	984	356
-19.45	-18.55	-1.60350919946387	0	4300,0	985	356
-17.45	-16.55	-0.0974777628853418	0	4300,0	987	357
-16.45	-15.55	-0.0243694407213355	0	4300,0	988	357
-14.45	-13.55	-1.68392835384428	0	4300,0	990	358
-13.45	-12.55	-0.811806994029487	0	4300,0	991	358
-12.45	-11.55	-0.23211892287072	0	4300,0	992	358
-11.45	-10.55	-0.723163153405629	0	4300,0	993	358
-10.45	-9.55	-1.19867186548069	0	4300,0	994	358
-9.45	-8.55	-0.516022907274278	0	4300,0	995	358
-6.45	-5.55	-0.399354209820885	0	4300,0	998	360
-5.45	-4.55	-1.113074204947	0	4300,0	999	360
-4.45	-3.55	-0.259534543682223	0	4300,0	1000	360
-2.45	-1.55	-0.217497258437919	0	4300,0	1002	361
-1.45	-0.55	-0.188253929572316	0	4300,0	1003	361
-0.45	0.45	-0.275983916169124	0	4300,0	1004	361
0.55	1.45	-0.226940416717436	0	4300,0	1005	361
1.55	2.45	-0.360667722675765	0	4300,0	1006	361
2.55	3.45	-0.841354940904106	0	4300,0	1007	361
3.55	4.45	-0.813634702083587	0	4300,0	1008	361
4.55	5.45	-0.953454368222249	0	4300,0	1009	361
-45.45	-44.55	-0.255879127574022	0	4400,100	1010	361
-44.45	-43.55	-0.841354940904106	0	4400,100	1011	361
-43.45	-42.55	-0.57207262093335	0	4400,100	1012	361
-42.45	-41.55	-1.40520287559401	0	4400,100	1013	361
-41.45	-40.55	-0.0106616303155843	0	4400,100	1014	361
-40.45	-39.55	-0.0106616303155843	0	4400,100	1015	361
-39.45	-38.55	-0.430729864749604	0	4400,100	1016	361
-38.45	-37.55	-0.340258316071646	0	4400,100	1017	361
-36.45	-35.55	-0.284817838430608	0	4400,100	1019	362
-35.45	-34.55	-0.163884488850981	0	4400,100	1020	362
-32.45	-31.55	-0.332338247837212	0	4400,100	1023	364
-31.45	-30.55	-1.27878640185208	0	4400,100	1024	364
-30.45	-29.55	-0.0855976605336907	0	4400,100	1025	364
-29.45	-28.55	-0.735957109784331	0	4400,100	1026	364
-28.45	-27.55	-0.0207140246131351	0	4400,100	1027	364
-27.45	-26.55	-1.75947362008042	0	4400,100	1028	364
-26.45	-25.55	-0.871816741805776	0	4400,100	1029	364
-25.45	-24.55	-3.9798342878031	0	4400,100	1030	364
-24.45	-23.55	-0.513281345193128	0	4400,100	1031	364
-23.45	-22.55	-0.522419885463629	0	4400,100	1032	364
-22.45	-21.55	-1.1916656512733	0	4400,100	1033	364
-21.45	-20.55	-0.00731083221640063	0	4400,100	1034	364
-20.45	-19.55	-1.26599244547338	0	4400,100	1035	364
-19.45	-18.55	-0.330205921774095	0	4400,100	1036	364
-16.45	-15.55	-0.505970512976727	0	4400,100	1039	366
-14.45	-13.55	-0.929389545509931	0	4400,100	1041	367
-12.45	-11.55	-0.321371999512611	0	4400,100	1043	368
-11.45	-10.55	-0.042646521262337	0	4400,100	1044	368
-9.45	-8.55	-0.774338978920434	0	4400,100	1046	369
-7.45	-6.55	-0.174850737175582	0	4400,100	1048	370
-5.45	-4.55	-0.0849884245156574	0	4400,100	1050	371
-1.45	-0.55	-1.63122943828439	0	4400,100	1054	374
-0.45	0.45	-1.92640428902157	0	4400,100	1055	374
0.55	1.45	-0.684781284269526	0	4400,100	1056	374
1.55	2.45	-0.289996344583892	0	4400,100	1057	374
3.55	4.45	-1.28152796393323	0	4400,100	1059	375
4.55	5.45	-0.411234312172536	0	4400,100	1060	375
-44.45	-43.55	-0.000609236018033386	0	4350,50	1061	375
-43.45	-42.55	-0.325636651638845	0	4350,50	1062	375
-41.45	-40.55	-0.061532837821372	0	4350,50	1064	376
-37.45	-36.55	-0.14834897039113	0	4350,50	1068	379
-36.45	-35.55	-0.300048738881443	0	4350,50	1069	379
-34.45	-33.55	-0.0743267942000731	0	4350,50	1071	380
-33.45	-32.55	-0.0545266236139881	0	4350,50	1072	380
-29.45	-28.55	-0.351529182405264	0	4350,50	1076	383
-26.45	-25.55	-0.5711587669063	0	4350,50	1079	385
-25.45	-24.55	-1.02778116242232	0	4350,50	1080	385
-23.45	-22.55	-0.0487388814426709	0	4350,50	1082	386
-22.45	-21.55	-0.827951748507372	0	4350,50	1083	386
-18.45	-17.55	-0.707323016936761	0	4350,50	1087	389
-11.45	-10.55	-1.03844279273791	0	4350,50	1094	395
-10.45	-9.55	-1.38814426708907	0	4350,50	1095	395
-9.45	-8.55	-1.1240404532716	0	4350,50	1096	395
-7.45	-6.55	-1.04910442305349	0	4350,50	1098	396
-5.45	-4.55	-0.115754843426343	0	4350,50	1100	397
-4.45	-3.55	-0.425246740587304	0	4350,50	1101	397
-3.45	-2.55	-0.703058364810528	0	4350,50	1102	397
-1.45	-0.55	-0.710064579017912	0	4350,50	1104	398
-0.45	0.45	-0.512672109175094	0	4350,50	1105	398
0.55	1.45	-0.574204946996466	0	4350,50	1106	398
2.55	3.45	-0.208358718167418	0	4350,50	1108	399
3.55	4.45	-0.179115389301816	0	4350,50	1109	399
-44.45	-43.55	-0.222371146582186	0	4450,150	1110	399
-43.45	-42.55	-0.069452906055806	0	4450,150	1111	399
-41.45	-40.55	-0.379858657243816	0	4450,150	1113	400
-40.45	-39.55	-0.813025466065554	0	4450,150	1114	400
-39.45	-38.55	-1.06403070549531	0	4450,150	1115	400
-38.45	-37.55	-0.732910929694164	0	4450,150	1116	400
-37.45	-36.55	-1.1039356646765	0	4450,150	1117	400
-36.45	-35.55	-0.454490069452906	0	4450,150	1118	400
-35.45	-34.55	-0.912635555014012	0	4450,150	1119	400
-34.45	-33.55	-1.07195077372974	0	4450,150	1120	400
-33.45	-32.55	-0.576946509077617	0	4450,150	1121	400
-32.45	-31.55	-0.488911904471792	0	4450,150	1122	400
-31.45	-30.55	-0.000609236018033386	0	4450,150	1123	400
-29.45	-28.55	-0.535518459851346	0	4450,150	1125	401
-28.45	-27.55	-0.639697818935056	0	4450,150	1126	401
-27.45	-26.55	-0.968380650664067	0	4450,150	1127	401
-25.45	-24.55	-0.338125990008529	0	4450,150	1129	402
-15.45	-14.55	-0.147130498355063	0	4450,150	1139	411
-13.45	-12.55	-0.102047033020592	0	4450,150	1141	412
-12.45	-11.55	-0.194650907761667	0	4450,150	1142	412
-10.45	-9.55	-0.639088582917022	0	4450,150	1144	413
-9.45	-8.55	-0.988485439259169	0	4450,150	1145	413
-8.45	-7.55	-0.239125137078104	0	4450,150	1146	413
-7.45	-6.55	-0.69270135250396	0	4450,150	1147	413
-6.45	-5.55	-0.0243694407213355	0	4450,150	1148	413
-4.45	-3.55	-2.26209333495796	0	4450,150	1150	414
-3.45	-2.55	-1.55781649811137	0	4450,150	1151	414
-2.45	-1.55	-2.5018277080541	0	4450,150	1152	414
-1.45	-0.55	-0.527903009625929	0	4450,150	1153	414
2.55	3.45	-0.102656269038626	0	4450,150	1157	417
3.55	4.45	-0.704276836846594	0	4450,150	1158	417
-44.45	-43.55	-0.000609236018033386	0	4350,0	1159	417
-43.45	-42.55	-0.325636651638845	0	4350,0	1160	417
-41.45	-40.55	-0.061532837821372	0	4350,0	1162	418
-37.45	-36.55	-0.14834897039113	0	4350,0	1166	421
-36.45	-35.55	-0.300048738881443	0	4350,0	1167	421
-34.45	-33.55	-0.0743267942000731	0	4350,0	1169	422
-33.45	-32.55	-0.0545266236139881	0	4350,0	1170	422
-29.45	-28.55	-0.351529182405264	0	4350,0	1174	425
-26.45	-25.55	-0.5711587669063	0	4350,0	1177	427
-25.45	-24.55	-1.02778116242232	0	4350,0	1178	427
-23.45	-22.55	-0.0487388814426709	0	4350,0	1180	428
-22.45	-21.55	-0.827951748507372	0	4350,0	1181	428
-18.45	-17.55	-0.707323016936761	0	4350,0	1185	431
-11.45	-10.55	-1.03844279273791	0	4350,0	1192	437
-10.45	-9.55	-1.38814426708907	0	4350,0	1193	437
-9.45	-8.55	-1.1240404532716	0	4350,0	1194	437
-7.45	-6.55	-1.04910442305349	0	4350,0	1196	438
-5.45	-4.55	-0.115754843426343	0	4350,0	1198	439
-4.45	-3.55	-0.425246740587304	0	4350,0	1199	439
-3.45	-2.55	-0.703058364810528	0	4350,0	1200	439
-1.45	-0.55	-0.710064579017912	0	4350,0	1202	440
-0.45	0.45	-0.512672109175094	0	4350,0	1203	440
0.55	1.45	-0.574204946996466	0	4350,0	1204	440
2.55	3.45	-0.208358718167418	0	4350,0	1206	441
3.55	4.45	-0.179115389301816	0	4350,0	1207	441
-45.45	-44.55	-0.255879127574022	0	4400,50	1208	441
-44.45	-43.55	-0.841354940904106	0	4400,50	1209	441
-43.45	-42.55	-0.57207262093335	0	4400,50	1210	441
-42.45	-41.55	-1.40520287559401	0	4400,50	1211	441
-41.45	-40.55	-0.0106616303155843	0	4400,50	1212	441
-40.45	-39.55	-0.0106616303155843	0	4400,50	1213	441
-39.45	-38.55	-0.430729864749604	0	4400,50	1214	441
-38.45	-37.55	-0.340258316071646	0	4400,50	1215	441
-36.45	-35.55	-0.284817838430608	0	4400,50	1217	442
-35.45	-34.55	-0.163884488850981	0	4400,50	1218	442
-32.45	-31.55	-0.332338247837212	0	4400,50	1221	444
-31.45	-30.55	-1.27878640185208	0	4400,50	1222	444
-30.45	-29.55	-0.0855976605336907	0	4400,50	1223	444
-29.45	-28.55	-0.735957109784331	0	4400,50	1224	444
-28.45	-27.55	-0.0207140246131351	0	4400,50	1225	444
-27.45	-26.55	-1.75947362008042	0	4400,50	1226	444
-26.45	-25.55	-0.871816741805776	0	4400,50	1227	444
-25.45	-24.55	-3.9798342878031	0	4400,50	1228	444
-24.45	-23.55	-0.513281345193128	0	4400,50	1229	444
-23.45	-22.55	-0.522419885463629	0	4400,50	1230	444
-22.45	-21.55	-1.1916656512733	0	4400,50	1231	444
-21.45	-20.55	-0.00731083221640063	0	4400,50	1232	444
-20.45	-19.55	-1.26599244547338	0	4400,50	1233	444
-19.45	-18.55	-0.330205921774095	0	4400,50	1234	444
-16.45	-15.55	-0.505970512976727	0	4400,50	1237	446
-14.45	-13.55	-0.929389545509931	0	4400,50	1239	447
-12.45	-11.55	-0.321371999512611	0	4400,50	1241	448
-11.45	-10.55	-0.042646521262337	0	4400,50	1242	448
-9.45	-8.55	-0.774338978920434	0	4400,50	1244	449
-7.45	-6.55	-0.174850737175582	0	4400,50	1246	450
-5.45	-4.55	-0.0849884245156574	0	4400,50	1248	451
-1.45	-0.55	-1.63122943828439	0	4400,50	1252	454
-0.45	0.45	-1.92640428902157	0	4400,50	1253	454
0.55	1.45	-0.684781284269526	0	4400,50	1254	454
1.55	2.45	-0.289996344583892	0	4400,50	1255	454
3.55	4.45	-1.28152796393323	0	4400,50	1257	455
4.55	5.45	-0.411234312172536	0	4400,50	1258	455
-44.45	-43.55	-0.222371146582186	0	4450,100	1259	455
-43.45	-42.55	-0.069452906055806	0	4450,100	1260	455
-41.45	-40.55	-0.379858657243816	0	4450,100	1262	456
-40.45	-39.55	-0.813025466065554	0	4450,100	1263	456
-39.45	-38.55	-1.06403070549531	0	4450,100	1264	456
-38.45	-37.55	-0.732910929694164	0	4450,100	1265	456
-37.45	-36.55	-1.1039356646765	0	4450,100	1266	456
-36.45	-35.55	-0.454490069452906	0	4450,100	1267	456
-35.45	-34.55	-0.912635555014012	0	4450,100	1268	456
-34.45	-33.55	-1.07195077372974	0	4450,100	1269	456
-33.45	-32.55	-0.576946509077617	0	4450,100	1270	456
-32.45	-31.55	-0.488911904471792	0	4450,100	1271	456
-31.45	-30.55	-0.000609236018033386	0	4450,100	1272	456
-29.45	-28.55	-0.535518459851346	0	4450,100	1274	457
-28.45	-27.55	-0.639697818935056	0	4450,100	1275	457
-27.45	-26.55	-0.968380650664067	0	4450,100	1276	457
-25.45	-24.55	-0.338125990008529	0	4450,100	1278	458
-15.45	-14.55	-0.147130498355063	0	4450,100	1288	467
-13.45	-12.55	-0.102047033020592	0	4450,100	1290	468
-12.45	-11.55	-0.194650907761667	0	4450,100	1291	468
-10.45	-9.55	-0.639088582917022	0	4450,100	1293	469
-9.45	-8.55	-0.988485439259169	0	4450,100	1294	469
-8.45	-7.55	-0.239125137078104	0	4450,100	1295	469
-7.45	-6.55	-0.69270135250396	0	4450,100	1296	469
-6.45	-5.55	-0.0243694407213355	0	4450,100	1297	469
-4.45	-3.55	-2.26209333495796	0	4450,100	1299	470
-3.45	-2.55	-1.55781649811137	0	4450,100	1300	470
-2.45	-1.55	-2.5018277080541	0	4450,100	1301	470
-1.45	-0.55	-0.527903009625929	0	4450,100	1302	470
2.55	3.45	-0.102656269038626	0	4450,100	1306	473
3.55	4.45	-0.704276836846594	0	4450,100	1307	473
-45.45	-44.55	-0.255879127574022	0	4400,0	1308	473
-44.45	-43.55	-0.841354940904106	0	4400,0	1309	473
-43.45	-42.55	-0.57207262093335	0	4400,0	1310	473
-42.45	-41.55	-1.40520287559401	0	4400,0	1311	473
-41.45	-40.55	-0.0106616303155843	0	4400,0	1312	473
-40.45	-39.55	-0.0106616303155843	0	4400,0	1313	473
-39.45	-38.55	-0.430729864749604	0	4400,0	1314	473
-38.45	-37.55	-0.340258316071646	0	4400,0	1315	473
-36.45	-35.55	-0.284817838430608	0	4400,0	1317	474
-35.45	-34.55	-0.163884488850981	0	4400,0	1318	474
-32.45	-31.55	-0.332338247837212	0	4400,0	1321	476
-31.45	-30.55	-1.27878640185208	0	4400,0	1322	476
-30.45	-29.55	-0.0855976605336907	0	4400,0	1323	476
-29.45	-28.55	-0.735957109784331	0	4400,0	1324	476
-28.45	-27.55	-0.0207140246131351	0	4400,0	1325	476
-27.45	-26.55	-1.75947362008042	0	4400,0	1326	476
-26.45	-25.55	-0.871816741805776	0	4400,0	1327	476
-25.45	-24.55	-3.9798342878031	0	4400,0	1328	476
-24.45	-23.55	-0.513281345193128	0	4400,0	1329	476
-23.45	-22.55	-0.522419885463629	0	4400,0	1330	476
-22.45	-21.55	-1.1916656512733	0	4400,0	1331	476
-21.45	-20.55	-0.00731083221640063	0	4400,0	1332	476
-20.45	-19.55	-1.26599244547338	0	4400,0	1333	476
-19.45	-18.55	-0.330205921774095	0	4400,0	1334	476
-16.45	-15.55	-0.505970512976727	0	4400,0	1337	478
-14.45	-13.55	-0.929389545509931	0	4400,0	1339	479
-12.45	-11.55	-0.321371999512611	0	4400,0	1341	480
-11.45	-10.55	-0.042646521262337	0	4400,0	1342	480
-9.45	-8.55	-0.774338978920434	0	4400,0	1344	481
-7.45	-6.55	-0.174850737175582	0	4400,0	1346	482
-5.45	-4.55	-0.0849884245156574	0	4400,0	1348	483
-1.45	-0.55	-1.63122943828439	0	4400,0	1352	486
-0.45	0.45	-1.92640428902157	0	4400,0	1353	486
0.55	1.45	-0.684781284269526	0	4400,0	1354	486
1.55	2.45	-0.289996344583892	0	4400,0	1355	486
3.55	4.45	-1.28152796393323	0	4400,0	1357	487
4.55	5.45	-0.411234312172536	0	4400,0	1358	487
-44.45	-43.55	-0.222371146582186	0	4450,50	1359	487
-43.45	-42.55	-0.069452906055806	0	4450,50	1360	487
-41.45	-40.55	-0.379858657243816	0	4450,50	1362	488
-40.45	-39.55	-0.813025466065554	0	4450,50	1363	488
-39.45	-38.55	-1.06403070549531	0	4450,50	1364	488
-38.45	-37.55	-0.732910929694164	0	4450,50	1365	488
-37.45	-36.55	-1.1039356646765	0	4450,50	1366	488
-36.45	-35.55	-0.454490069452906	0	4450,50	1367	488
-35.45	-34.55	-0.912635555014012	0	4450,50	1368	488
-34.45	-33.55	-1.07195077372974	0	4450,50	1369	488
-33.45	-32.55	-0.576946509077617	0	4450,50	1370	488
-32.45	-31.55	-0.488911904471792	0	4450,50	1371	488
-31.45	-30.55	-0.000609236018033386	0	4450,50	1372	488
-29.45	-28.55	-0.535518459851346	0	4450,50	1374	489
-28.45	-27.55	-0.639697818935056	0	4450,50	1375	489
-27.45	-26.55	-0.968380650664067	0	4450,50	1376	489
-25.45	-24.55	-0.338125990008529	0	4450,50	1378	490
-15.45	-14.55	-0.147130498355063	0	4450,50	1388	499
-13.45	-12.55	-0.102047033020592	0	4450,50	1390	500
-12.45	-11.55	-0.194650907761667	0	4450,50	1391	500
-10.45	-9.55	-0.639088582917022	0	4450,50	1393	501
-9.45	-8.55	-0.988485439259169	0	4450,50	1394	501
-8.45	-7.55	-0.239125137078104	0	4450,50	1395	501
-7.45	-6.55	-0.69270135250396	0	4450,50	1396	501
-6.45	-5.55	-0.0243694407213355	0	4450,50	1397	501
-4.45	-3.55	-2.26209333495796	0	4450,50	1399	502
-3.45	-2.55	-1.55781649811137	0	4450,50	1400	502
-2.45	-1.55	-2.5018277080541	0	4450,50	1401	502
-1.45	-0.55	-0.527903009625929	0	4450,50	1402	502
2.55	3.45	-0.102656269038626	0	4450,50	1406	505
3.55	4.45	-0.704276836846594	0	4450,50	1407	505
-45.45	-44.55	-0.134031923967345	0	4500,100	1408	505
-44.45	-43.55	-0.519069087364445	0	4500,100	1409	505
-43.45	-42.55	-0.339649080053613	0	4500,100	1410	505
-42.45	-41.55	-1.79176312903619	0	4500,100	1411	505
-41.45	-40.55	-3.17625198001706	0	4500,100	1412	505
-40.45	-39.55	-3.1223345924211	0	4500,100	1413	505
-39.45	-38.55	-1.22121359814792	0	4500,100	1414	505
-38.45	-37.55	-5.07737297429024	0	4500,100	1415	505
-37.45	-36.55	-4.49006945290606	0	4500,100	1416	505
-36.45	-35.55	-4.47331546241014	0	4500,100	1417	505
-35.45	-34.55	-2.54234190325332	0	4500,100	1418	505
-34.45	-33.55	-1.03691970269282	0	4500,100	1419	505
-33.45	-32.55	-2.33489703911295	0	4500,100	1420	505
-32.45	-31.55	-0.733824783721214	0	4500,100	1421	505
-31.45	-30.55	-2.64347508224686	0	4500,100	1422	505
-30.45	-29.55	-2.95540392347996	0	4500,100	1423	505
-29.45	-28.55	-0.498050444742293	0	4500,100	1424	505
-28.45	-27.55	-4.69050810283904	0	4500,100	1425	505
-27.45	-26.55	-3.0601925185817	0	4500,100	1426	505
-26.45	-25.55	-2.88168636529792	0	4500,100	1427	505
-25.45	-24.55	-6.5730473985622	0	4500,100	1428	505
-24.45	-23.55	-3.15949798952114	0	4500,100	1429	505
-23.45	-22.55	-1.82770805410016	0	4500,100	1430	505
-22.45	-21.55	-1.59954916534666	0	4500,100	1431	505
-21.45	-20.55	-3.2353478737663	0	4500,100	1432	505
-20.45	-19.55	-3.68191787498477	0	4500,100	1433	505
-19.45	-18.55	-3.40654319483368	0	4500,100	1434	505
-18.45	-17.55	-3.97861581576703	0	4500,100	1435	505
-17.45	-16.55	-0.279639332277324	0	4500,100	1436	505
-16.45	-15.55	-1.83623735835263	0	4500,100	1437	505
-15.45	-14.55	-1.15480687218228	0	4500,100	1438	505
-14.45	-13.55	-2.05190690873644	0	4500,100	1439	505
-13.45	-12.55	-1.1587669062995	0	4500,100	1440	505
-12.45	-11.55	-1.66138662117704	0	4500,100	1441	505
-11.45	-10.55	-1.32782990130377	0	4500,100	1442	505
-10.45	-9.55	-4.09010600706714	0	4500,100	1443	505
-9.45	-8.55	-3.54666747898136	0	4500,100	1444	505
-8.45	-7.55	-4.52144510783478	0	4500,100	1445	505
-7.45	-6.55	-0.15383209455343	0	4500,100	1446	505
-5.45	-4.55	-0.854148897282807	0	4500,100	1448	506
-4.45	-3.55	-2.45735347873766	0	4500,100	1449	506
-3.45	-2.55	-1.40855367369319	0	4500,100	1450	506
-2.45	-1.55	-2.40221761910564	0	4500,100	1451	506
-1.45	-0.55	-2.13628609723407	0	4500,100	1452	506
0.55	1.45	-0.282380894358474	0	4500,100	1454	507
1.55	2.45	-1.0091994638723	0	4500,100	1455	507
2.55	3.45	-0.0124893383696844	0	4500,100	1456	507
3.55	4.45	-0.143475082246862	0	4500,100	1457	507
4.55	5.45	-0.643962471061289	0	4500,100	1458	507
-44.45	-43.55	-0.222371146582186	0	4450,0	1459	507
-43.45	-42.55	-0.069452906055806	0	4450,0	1460	507
-41.45	-40.55	-0.379858657243816	0	4450,0	1462	508
-40.45	-39.55	-0.813025466065554	0	4450,0	1463	508
-39.45	-38.55	-1.06403070549531	0	4450,0	1464	508
-38.45	-37.55	-0.732910929694164	0	4450,0	1465	508
-37.45	-36.55	-1.1039356646765	0	4450,0	1466	508
-36.45	-35.55	-0.454490069452906	0	4450,0	1467	508
-35.45	-34.55	-0.912635555014012	0	4450,0	1468	508
-34.45	-33.55	-1.07195077372974	0	4450,0	1469	508
-33.45	-32.55	-0.576946509077617	0	4450,0	1470	508
-32.45	-31.55	-0.488911904471792	0	4450,0	1471	508
-31.45	-30.55	-0.000609236018033386	0	4450,0	1472	508
-29.45	-28.55	-0.535518459851346	0	4450,0	1474	509
-28.45	-27.55	-0.639697818935056	0	4450,0	1475	509
-27.45	-26.55	-0.968380650664067	0	4450,0	1476	509
-25.45	-24.55	-0.338125990008529	0	4450,0	1478	510
-15.45	-14.55	-0.147130498355063	0	4450,0	1488	519
-13.45	-12.55	-0.102047033020592	0	4450,0	1490	520
-12.45	-11.55	-0.194650907761667	0	4450,0	1491	520
-10.45	-9.55	-0.639088582917022	0	4450,0	1493	521
-9.45	-8.55	-0.988485439259169	0	4450,0	1494	521
-8.45	-7.55	-0.239125137078104	0	4450,0	1495	521
-7.45	-6.55	-0.69270135250396	0	4450,0	1496	521
-6.45	-5.55	-0.0243694407213355	0	4450,0	1497	521
-4.45	-3.55	-2.26209333495796	0	4450,0	1499	522
-3.45	-2.55	-1.55781649811137	0	4450,0	1500	522
-2.45	-1.55	-2.5018277080541	0	4450,0	1501	522
-1.45	-0.55	-0.527903009625929	0	4450,0	1502	522
2.55	3.45	-0.102656269038626	0	4450,0	1506	525
3.55	4.45	-0.704276836846594	0	4450,0	1507	525
-45.45	-44.55	-0.134031923967345	0	4500,50	1508	525
-44.45	-43.55	-0.519069087364445	0	4500,50	1509	525
-43.45	-42.55	-0.339649080053613	0	4500,50	1510	525
-42.45	-41.55	-1.79176312903619	0	4500,50	1511	525
-41.45	-40.55	-3.17625198001706	0	4500,50	1512	525
-40.45	-39.55	-3.1223345924211	0	4500,50	1513	525
-39.45	-38.55	-1.22121359814792	0	4500,50	1514	525
-38.45	-37.55	-5.07737297429024	0	4500,50	1515	525
-37.45	-36.55	-4.49006945290606	0	4500,50	1516	525
-36.45	-35.55	-4.47331546241014	0	4500,50	1517	525
-35.45	-34.55	-2.54234190325332	0	4500,50	1518	525
-34.45	-33.55	-1.03691970269282	0	4500,50	1519	525
-33.45	-32.55	-2.33489703911295	0	4500,50	1520	525
-32.45	-31.55	-0.733824783721214	0	4500,50	1521	525
-31.45	-30.55	-2.64347508224686	0	4500,50	1522	525
-30.45	-29.55	-2.95540392347996	0	4500,50	1523	525
-29.45	-28.55	-0.498050444742293	0	4500,50	1524	525
-28.45	-27.55	-4.69050810283904	0	4500,50	1525	525
-27.45	-26.55	-3.0601925185817	0	4500,50	1526	525
-26.45	-25.55	-2.88168636529792	0	4500,50	1527	525
-25.45	-24.55	-6.5730473985622	0	4500,50	1528	525
-24.45	-23.55	-3.15949798952114	0	4500,50	1529	525
-23.45	-22.55	-1.82770805410016	0	4500,50	1530	525
-22.45	-21.55	-1.59954916534666	0	4500,50	1531	525
-21.45	-20.55	-3.2353478737663	0	4500,50	1532	525
-20.45	-19.55	-3.68191787498477	0	4500,50	1533	525
-19.45	-18.55	-3.40654319483368	0	4500,50	1534	525
-18.45	-17.55	-3.97861581576703	0	4500,50	1535	525
-17.45	-16.55	-0.279639332277324	0	4500,50	1536	525
-16.45	-15.55	-1.83623735835263	0	4500,50	1537	525
-15.45	-14.55	-1.15480687218228	0	4500,50	1538	525
-14.45	-13.55	-2.05190690873644	0	4500,50	1539	525
-13.45	-12.55	-1.1587669062995	0	4500,50	1540	525
-12.45	-11.55	-1.66138662117704	0	4500,50	1541	525
-11.45	-10.55	-1.32782990130377	0	4500,50	1542	525
-10.45	-9.55	-4.09010600706714	0	4500,50	1543	525
-9.45	-8.55	-3.54666747898136	0	4500,50	1544	525
-8.45	-7.55	-4.52144510783478	0	4500,50	1545	525
-7.45	-6.55	-0.15383209455343	0	4500,50	1546	525
-5.45	-4.55	-0.854148897282807	0	4500,50	1548	526
-4.45	-3.55	-2.45735347873766	0	4500,50	1549	526
-3.45	-2.55	-1.40855367369319	0	4500,50	1550	526
-2.45	-1.55	-2.40221761910564	0	4500,50	1551	526
-1.45	-0.55	-2.13628609723407	0	4500,50	1552	526
0.55	1.45	-0.282380894358474	0	4500,50	1554	527
1.55	2.45	-1.0091994638723	0	4500,50	1555	527
2.55	3.45	-0.0124893383696844	0	4500,50	1556	527
3.55	4.45	-0.143475082246862	0	4500,50	1557	527
4.55	5.45	-0.643962471061289	0	4500,50	1558	527
-45.45	-44.55	-0.134031923967345	0	4500,0	1559	527
-44.45	-43.55	-0.519069087364445	0	4500,0	1560	527
-43.45	-42.55	-0.339649080053613	0	4500,0	1561	527
-42.45	-41.55	-1.79176312903619	0	4500,0	1562	527
-41.45	-40.55	-3.17625198001706	0	4500,0	1563	527
-40.45	-39.55	-3.1223345924211	0	4500,0	1564	527
-39.45	-38.55	-1.22121359814792	0	4500,0	1565	527
-38.45	-37.55	-5.07737297429024	0	4500,0	1566	527
-37.45	-36.55	-4.49006945290606	0	4500,0	1567	527
-36.45	-35.55	-4.47331546241014	0	4500,0	1568	527
-35.45	-34.55	-2.54234190325332	0	4500,0	1569	527
-34.45	-33.55	-1.03691970269282	0	4500,0	1570	527
-33.45	-32.55	-2.33489703911295	0	4500,0	1571	527
-32.45	-31.55	-0.733824783721214	0	4500,0	1572	527
-31.45	-30.55	-2.64347508224686	0	4500,0	1573	527
-30.45	-29.55	-2.95540392347996	0	4500,0	1574	527
-29.45	-28.55	-0.498050444742293	0	4500,0	1575	527
-28.45	-27.55	-4.69050810283904	0	4500,0	1576	527
-27.45	-26.55	-3.0601925185817	0	4500,0	1577	527
-26.45	-25.55	-2.88168636529792	0	4500,0	1578	527
-25.45	-24.55	-6.5730473985622	0	4500,0	1579	527
-24.45	-23.55	-3.15949798952114	0	4500,0	1580	527
-23.45	-22.55	-1.82770805410016	0	4500,0	1581	527
-22.45	-21.55	-1.59954916534666	0	4500,0	1582	527
-21.45	-20.55	-3.2353478737663	0	4500,0	1583	527
-20.45	-19.55	-3.68191787498477	0	4500,0	1584	527
-19.45	-18.55	-3.40654319483368	0	4500,0	1585	527
-18.45	-17.55	-3.97861581576703	0	4500,0	1586	527
-17.45	-16.55	-0.279639332277324	0	4500,0	1587	527
-16.45	-15.55	-1.83623735835263	0	4500,0	1588	527
-15.45	-14.55	-1.15480687218228	0	4500,0	1589	527
-14.45	-13.55	-2.05190690873644	0	4500,0	1590	527
-13.45	-12.55	-1.1587669062995	0	4500,0	1591	527
-12.45	-11.55	-1.66138662117704	0	4500,0	1592	527
-11.45	-10.55	-1.32782990130377	0	4500,0	1593	527
-10.45	-9.55	-4.09010600706714	0	4500,0	1594	527
-9.45	-8.55	-3.54666747898136	0	4500,0	1595	527
-8.45	-7.55	-4.52144510783478	0	4500,0	1596	527
-7.45	-6.55	-0.15383209455343	0	4500,0	1597	527
-5.45	-4.55	-0.854148897282807	0	4500,0	1599	528
-4.45	-3.55	-2.45735347873766	0	4500,0	1600	528
-3.45	-2.55	-1.40855367369319	0	4500,0	1601	528
-2.45	-1.55	-2.40221761910564	0	4500,0	1602	528
-1.45	-0.55	-2.13628609723407	0	4500,0	1603	528
0.55	1.45	-0.282380894358474	0	4500,0	1605	529
1.55	2.45	-1.0091994638723	0	4500,0	1606	529
2.55	3.45	-0.0124893383696844	0	4500,0	1607	529
3.55	4.45	-0.143475082246862	0	4500,0	1608	529
4.55	5.45	-0.643962471061289	0	4500,0	1609	529
-44.45	-43.55	-2.75801145363714	0	4550,50	1610	529
-43.45	-42.55	-2.17101255026197	0	4550,50	1611	529
-42.45	-41.55	-0.820945534299988	0	4550,50	1612	529
-41.45	-40.55	-4.12513707810406	0	4550,50	1613	529
-40.45	-39.55	-2.31357377848178	0	4550,50	1614	529
-39.45	-38.55	-3.39710003655416	0	4550,50	1615	529
-38.45	-37.55	-2.40008529304252	0	4550,50	1616	529
-37.45	-36.55	-0.522419885463629	0	4550,50	1617	529
-33.45	-32.55	-0.0173632265139515	0	4550,50	1621	532
-29.45	-28.55	-0.061532837821372	0	4550,50	1625	535
-27.45	-26.55	-0.0280248568295358	0	4550,50	1627	536
-26.45	-25.55	-1.43566467649567	0	4550,50	1628	536
-25.45	-24.55	-1.897770196174	0	4550,50	1629	536
-24.45	-23.55	-1.40367978554892	0	4550,50	1630	536
-23.45	-22.55	-1.98458632874376	0	4550,50	1631	536
-22.45	-21.55	-3.32764713049836	0	4550,50	1632	536
-21.45	-20.55	-1.28457414402339	0	4550,50	1633	536
-18.45	-17.55	-1.87157304739856	0	4550,50	1636	538
-17.45	-16.55	-0.222371146582186	0	4550,50	1637	538
-15.45	-14.55	-0.123065675642744	0	4550,50	1639	539
-13.45	-12.55	-0.199829413914951	0	4550,50	1641	540
-12.45	-11.55	-0.0140124284147679	0	4550,50	1642	540
-11.45	-10.55	-0.11971487754356	0	4550,50	1643	540
-10.45	-9.55	-0.317716583404411	0	4550,50	1644	540
-9.45	-8.55	-0.03868648714512	0	4550,50	1645	540
-8.45	-7.55	-0.748751066163032	0	4550,50	1646	540
-7.45	-6.55	-0.309187279151944	0	4550,50	1647	540
-3.45	-2.55	-0.883696844157427	0	4550,50	1651	543
-2.45	-1.55	-1.32935299134885	0	4550,50	1652	543
-1.45	-0.55	-0.246435969294505	0	4550,50	1653	543
1.55	2.45	-0.316802729377361	0	4550,50	1656	545
2.55	3.45	-1.26081393932009	0	4550,50	1657	545
3.55	4.45	-1.27178018764469	0	4550,50	1658	545
-44.45	-43.55	-2.75801145363714	0	4550,0	1659	545
-43.45	-42.55	-2.17101255026197	0	4550,0	1660	545
-42.45	-41.55	-0.820945534299988	0	4550,0	1661	545
-41.45	-40.55	-4.12513707810406	0	4550,0	1662	545
-40.45	-39.55	-2.31357377848178	0	4550,0	1663	545
-39.45	-38.55	-3.39710003655416	0	4550,0	1664	545
-38.45	-37.55	-2.40008529304252	0	4550,0	1665	545
-37.45	-36.55	-0.522419885463629	0	4550,0	1666	545
-33.45	-32.55	-0.0173632265139515	0	4550,0	1670	548
-29.45	-28.55	-0.061532837821372	0	4550,0	1674	551
-27.45	-26.55	-0.0280248568295358	0	4550,0	1676	552
-26.45	-25.55	-1.43566467649567	0	4550,0	1677	552
-25.45	-24.55	-1.897770196174	0	4550,0	1678	552
-24.45	-23.55	-1.40367978554892	0	4550,0	1679	552
-23.45	-22.55	-1.98458632874376	0	4550,0	1680	552
-22.45	-21.55	-3.32764713049836	0	4550,0	1681	552
-21.45	-20.55	-1.28457414402339	0	4550,0	1682	552
-18.45	-17.55	-1.87157304739856	0	4550,0	1685	554
-17.45	-16.55	-0.222371146582186	0	4550,0	1686	554
-15.45	-14.55	-0.123065675642744	0	4550,0	1688	555
-13.45	-12.55	-0.199829413914951	0	4550,0	1690	556
-12.45	-11.55	-0.0140124284147679	0	4550,0	1691	556
-11.45	-10.55	-0.11971487754356	0	4550,0	1692	556
-10.45	-9.55	-0.317716583404411	0	4550,0	1693	556
-9.45	-8.55	-0.03868648714512	0	4550,0	1694	556
-8.45	-7.55	-0.748751066163032	0	4550,0	1695	556
-7.45	-6.55	-0.309187279151944	0	4550,0	1696	556
-3.45	-2.55	-0.883696844157427	0	4550,0	1700	559
-2.45	-1.55	-1.32935299134885	0	4550,0	1701	559
-1.45	-0.55	-0.246435969294505	0	4550,0	1702	559
1.55	2.45	-0.316802729377361	0	4550,0	1705	561
2.55	3.45	-1.26081393932009	0	4550,0	1706	561
3.55	4.45	-1.27178018764469	0	4550,0	1707	561
-41.45	-40.55	-2.37510661630316	0	4600,0	1712	565
-40.45	-39.55	-1.21573047398562	0	4600,0	1713	565
-39.45	-38.55	-0.123674911660777	0	4600,0	1714	565
-38.45	-37.55	-0.668941147800658	0	4600,0	1715	565
-37.45	-36.55	-3.20915072499086	0	4600,0	1716	565
-36.45	-35.55	-0.975996100889485	0	4600,0	1717	565
-35.45	-34.55	-2.21975143170464	0	4600,0	1718	565
-33.45	-32.55	-0.728341659558913	0	4600,0	1720	566
-32.45	-31.55	-0.0566589496771049	0	4600,0	1721	566
-31.45	-30.55	-2.60265626903863	0	4600,0	1722	566
-30.45	-29.55	-5.80144998172292	0	4600,0	1723	566
-29.45	-28.55	-1.20598269769709	0	4600,0	1724	566
-28.45	-27.55	-0.772206652857317	0	4600,0	1725	566
-27.45	-26.55	-3.01876446935543	0	4600,0	1726	566
-26.45	-25.55	-3.94328012672109	0	4600,0	1727	566
-25.45	-24.55	-4.56226392104301	0	4600,0	1728	566
-24.45	-23.55	-5.82642865846229	0	4600,0	1729	566
-23.45	-22.55	-2.54447422931644	0	4600,0	1730	566
-22.45	-21.55	-3.72791519434629	0	4600,0	1731	566
-21.45	-20.55	-5.5638479346899	0	4600,0	1732	566
-20.45	-19.55	-1.45820640916291	0	4600,0	1733	566
-19.45	-18.55	-1.73479956135007	0	4600,0	1734	566
-18.45	-17.55	-2.1606555379554	0	4600,0	1735	566
-17.45	-16.55	-2.97489947605702	0	4600,0	1736	566
-16.45	-15.55	-2.27336420129158	0	4600,0	1737	566
-15.45	-14.55	-0.479773364201292	0	4600,0	1738	566
-14.45	-13.55	-0.0280248568295358	0	4600,0	1739	566
-13.45	-12.55	-2.80157182892653	0	4600,0	1740	566
-12.45	-11.55	-0.185207749482149	0	4600,0	1741	566
-10.45	-9.55	-0.663458023638358	0	4600,0	1743	567
-9.45	-8.55	-5.59339588156452	0	4600,0	1744	567
-8.45	-7.55	-4.2226148409894	0	4600,0	1745	567
-7.45	-6.55	-4.32466187400999	0	4600,0	1746	567
-6.45	-5.55	-4.85012793956379	0	4600,0	1747	567
-5.45	-4.55	-1.41068599975631	0	4600,0	1748	567
-4.45	-3.55	-2.40160838308761	0	4600,0	1749	567
-3.45	-2.55	-10	0	4600,0	1750	567
-2.45	-1.55	-1.73815035944925	0	4600,0	1751	567
