x	y	showSelected1
3.2291697025391	2	1
2.57518784492766	1	2
2.49415459401844	1.58496250072116	3
2.09342168516224	1	4
1.77085201164214	0	5
1.9731278535997	1	6
2.49692964807322	1	7
2.00432137378264	0	8
2.04921802267018	0	9
1.86923171973098	1	10
1.47712125471966	0	11
3.40036527334994	2.32192809488736	12
3.20221577580113	1.58496250072116	13
2.63346845557959	1	14
2.7419390777292	2	15
2.72835378202123	0	16
1.568201724067	0	17
3.34044411484012	1.58496250072116	18
3.02077548819356	2	19
2.72916478969277	1.58496250072116	20
2.73399928653839	1	21
1.70757017609794	1	22
2.08278537031645	0	23
2.03342375548695	1	24
2.97034687623009	1	25
2.98407703390283	2	26
2.25042000230889	0	27
1.07918124604762	0	28
2.30319605742049	1	29
2.17609125905568	1	30
2.62634036737504	1	31
1.36172783601759	1	32
2.46239799789896	1	33
2.86391737695786	1	34
3.02857125269254	1.58496250072116	35
2.74585519517373	0	36
3.16938049531195	2	37
3.28239550474253	2.32192809488736	38
2.03342375548695	0	39
2.47712125471966	1	40
2.44404479591808	1	41
3.35640832703898	2.32192809488736	42
2.49692964807322	0	43
2.75891189239797	1	44
2.68663626926229	2	45
1.04139268515822	0	46
2.76417613239033	0	47
3.16613397030511	1.58496250072116	48
2.65513843481138	1	49
1.63346845557959	1	50
2.72916478969277	1	51
3.10619089726342	1	52
2.06818586174616	0	53
2.28330122870355	0	54
1.14612803567824	0	55
2.15533603746506	0	56
1.6232492903979	1	57
2.68304703823885	1	58
2.66086547800387	1.58496250072116	59
2.19865708695442	0	60
2.54157924394658	0	61
2.27415784926368	1	62
2.55144999797288	1	63
2.68124123737559	0	64
3.31260043926126	1	65
1.80617997398389	0	66
1.49136169383427	0	67
2.76789761601809	2	68
3.46044678388072	1.58496250072116	69
1.66275783168157	0	70
2.22271647114758	0	71
3.35945602012099	2.8073549220576	72
2.24303804868629	0	73
1.64345267648619	0	74
2.92685670894969	1.58496250072116	75
3.19975517725347	2	76
1.75587485567249	1	77
1.76342799356294	0	78
2.16731733474818	1	79
2.2148438480477	0	80
2.16435285578444	1	81
2.16136800223497	1	82
2.24303804868629	0	83
3.00646604224923	1	84
1.93951925261862	0	85
2.38916608436453	0	86
2.60530504614111	1	87
2.98272338766855	1.58496250072116	88
3.06707085604537	1	89
2.26717172840301	1	90
1.41497334797082	0	91
1.74036268949424	0	92
1.25527250510331	0	93
1.82607480270083	0	94
2.41161970596323	0	95
1.46239799789896	0	96
0.903089986991944	0	97
2.8926510338773	0	98
2.15228834438306	0	99
1.61278385671974	0	100
0.954242509439325	0	101
3.10516942799933	1.58496250072116	102
1.14612803567824	0	103
1.79239168949825	0	104
2.30102999566398	0	105
1.23044892137827	0	106
2.51982799377572	1	107
2.20951501454263	0	108
1.14612803567824	0	109
2.37657695705651	0	110
2.03742649794062	0	111
1.75587485567249	0	112
1.39794000867204	1	113
1.67209785793572	1	114
1.67209785793572	1	115
1.94448267215017	0	116
3.22788670461367	1.58496250072116	117
2.94743372188705	1.58496250072116	118
0.845098040014257	0	119
2.22530928172586	0	120
2.86391737695786	1	121
2.19865708695442	1	122
1.04139268515822	0	123
1.77085201164214	0	124
2.80617997398389	1	125
1.20411998265592	0	126
2.90633504180509	2	127
1.77815125038364	0	128
2.76492298464989	1	129
0.698970004336019	0	130
2.86033800657099	1	131
2.42813479402879	0	132
2.55144999797288	1	133
0.845098040014257	0	134
2.07918124604762	1	135
1	0	136
2.34439227368511	1	137
1.88081359228079	0	138
2.78390357927274	0	139
1.5910646070265	0	140
1.83250891270624	1	141
3.04649516433471	1.58496250072116	142
2.04139268515823	0	143
1.07918124604762	1	144
1.57978359661681	1	145
2.49136169383427	1.58496250072116	146
1.88649072517248	0	147
1.23044892137827	0	148
1.79239168949825	1	149
1.27875360095283	0	150
1	1	151
1.27875360095283	0	152
1.32221929473392	0	153
1.85733249643127	1	154
1.27875360095283	0	155
1.27875360095283	0	156
1.79934054945358	0	157
1.73239375982297	1	158
2.55870857053317	1	159
0.301029995663981	0	160
2.28555730900777	1	161
1.17609125905568	0	162
1.65321251377534	0	163
1.36172783601759	0	164
3.24204423936955	2	165
1.568201724067	0	166
1	0	167
1.94939000664491	0	168
2.34242268082221	1	169
2.20139712432045	1	170
2.46389298898591	1	171
1.14612803567824	0	172
2.06445798922692	0	173
1.11394335230684	0	174
2.97726621242729	2	175
2.47567118832443	0	176
1.51851393987789	0	177
3.13129779659762	1	178
1.27875360095283	0	179
2.17318626841227	0	180
0.301029995663981	0	181
2.31175386105575	0	182
2.27415784926368	0	183
1.84509804001426	0	184
1.38021124171161	0	185
1.81954393554187	1	186
1.84509804001426	0	187
1.04139268515822	0	188
2.11058971029925	0	189
1.77815125038364	1.58496250072116	190
1.54406804435028	0	191
2.4345689040342	1	192
1.32221929473392	0	193
1.6232492903979	0	194
1.46239799789896	0	195
1.50514997831991	0	196
2.3541084391474	0	197
1.93449845124357	0	198
2.40483371661994	1	199
1.86332286012046	1	200
0.903089986991944	1	201
2.21748394421391	0	202
1.36172783601759	0	203
2.72754125702856	1	204
1.50514997831991	0	205
2.34439227368511	1	206
2.49554433754645	2	207
0.778151250383644	0	208
2.31175386105575	0	209
2.50785587169583	0	210
3.2145789535705	2.32192809488736	211
2.06069784035361	0	212
2.61278385671974	0	213
1.17609125905568	0	214
2.21748394421391	0	215
1.20411998265592	0	216
1.43136376415899	0	217
1.17609125905568	0	218
0.778151250383644	0	219
1.11394335230684	1	220
2.30102999566398	1	221
2.15836249209525	0	222
2.06818586174616	0	223
1.82607480270083	0	224
2.12710479836481	1	225
1.32221929473392	1	226
1.61278385671974	0	227
2.44247976906445	1	228
1.6232492903979	0	229
2.04532297878666	1.58496250072116	230
0.845098040014257	0	231
1.30102999566398	0	232
2.10037054511756	1	233
2.55870857053317	1	234
1.17609125905568	0	235
1.07918124604762	0	236
1.47712125471966	1	237
2.44715803134222	2	238
1.50514997831991	0	239
0.477121254719662	0	240
1.98227123303957	1	241
0.477121254719662	0	242
2.28555730900777	1	243
2.18184358794477	1	244
0.698970004336019	0	245
1.77815125038364	2	246
1.14612803567824	1	247
2.45484486000851	0	248
2.89762709129044	2	249
2.03742649794062	0	250
1.30102999566398	0	251
1	0	252
2.02938377768521	1	253
2.05690485133647	1	254
0.778151250383644	1	255
0.602059991327962	0	256
2.98587535730839	0	257
0.698970004336019	0	258
1	0	259
1.94448267215017	2	260
2.90036712865647	2	261
2.06069784035361	1.58496250072116	262
1.25527250510331	0	263
1.39794000867204	0	264
2.26717172840301	1.58496250072116	265
2.63144376901317	0	266
3.01452053875792	1	267
0.301029995663981	0	268
1.5910646070265	0	269
1	0	270
1.92941892571429	1	271
2.06818586174616	0	272
1.78532983501077	0	273
1.65321251377534	0	274
2.88536122003151	0	275
0.845098040014257	0	276
1.9912260756925	1	277
2.78816837114117	1	278
2.6954816764902	0	279
2.90794852161227	1.58496250072116	280
0.903089986991944	0	281
2.44715803134222	2	282
0.602059991327962	0	283
2.34242268082221	0	284
1.27875360095283	0	285
1.04139268515822	0	286
2.34830486304816	0	287
2.84073323461181	0	288
0.477121254719662	0	289
1.66275783168157	1	290
2.10720996964787	0	291
1.04139268515822	0	292
2.71432975974523	2	293
0.954242509439325	0	294
1.61278385671974	0	295
2.30535136944662	1	296
2.45939248775923	0	297
1.32221929473392	0	298
1.30102999566398	0	299
2.15228834438306	0	300
2.04532297878666	1	301
1.14612803567824	0	302
1.11394335230684	0	303
2.00432137378264	0	304
0.954242509439325	0	305
1.11394335230684	0	306
2.81424759573192	1	307
0.477121254719662	0	308
2.54282542695918	1	309
0.954242509439325	0	310
0.845098040014257	0	311
0.778151250383644	0	312
2.20682587603185	1	313
2	0	314
1.46239799789896	1	315
2.13672056715641	0	316
1.51851393987789	0	317
1.17609125905568	1	318
2.88930170250631	1	319
2.04139268515823	1	320
0.301029995663981	0	321
0.845098040014257	0	322
0.477121254719662	0	323
0.301029995663981	0	324
0.301029995663981	0	325
1.30102999566398	1	326
1.36172783601759	1	327
0.903089986991944	0	328
0.602059991327962	0	329
1.75587485567249	0	330
3.14207646107329	1.58496250072116	331
2.14921911265538	0	332
1.38021124171161	0	333
1.70757017609794	0	334
0.845098040014257	0	335
1.36172783601759	0	336
1.25527250510331	0	337
1.68124123737559	0	338
0.477121254719662	0	339
0.903089986991944	0	340
1	0	341
0.698970004336019	0	342
1.61278385671974	2	343
1.55630250076729	1	344
1.8750612633917	1	345
0.477121254719662	0	346
0.778151250383644	0	347
1.11394335230684	0	348
0.903089986991944	1	349
0.698970004336019	0	350
1.41497334797082	0	351
2.21748394421391	0	352
1	0	353
1.07918124604762	0	354
2.11058971029925	0	355
1.72427586960079	0	356
1.49136169383427	0	357
1.74036268949424	1	358
2.10037054511756	0	359
2.39093510710338	0	360
0.602059991327962	0	361
0.602059991327962	0	362
1.73239375982297	0	363
1.88081359228079	0	364
1.55630250076729	0	365
1.86923171973098	0	366
1.11394335230684	0	367
1.5910646070265	0	368
2.04921802267018	1	369
0.602059991327962	0	370
2.34830486304816	1	371
0.477121254719662	0	372
1.49136169383427	0	373
1.25527250510331	1	374
1.36172783601759	1	375
1.32221929473392	0	376
1.17609125905568	0	377
1.17609125905568	0	378
1.63346845557959	0	379
1.49136169383427	0	380
1.55630250076729	0	381
0.602059991327962	0	382
0.602059991327962	0	383
0.778151250383644	0	384
0.698970004336019	0	385
1.14612803567824	0	386
0.954242509439325	0	387
1.77815125038364	1	388
1.32221929473392	0	389
0.602059991327962	0	390
1.25527250510331	0	391
2.10380372095596	1	392
1.76342799356294	0	393
2.61384182187607	1	394
1.74036268949424	1	395
1	0	396
1.77815125038364	0	397
1.46239799789896	1	398
2.55990662503611	0	399
1	0	400
0.845098040014257	0	401
0.301029995663981	0	402
1.30102999566398	0	403
1.55630250076729	0	404
0.477121254719662	0	405
1.50514997831991	0	406
1.64345267648619	0	407
1.49136169383427	0	408
0.477121254719662	0	409
0.602059991327962	1	410
1.81291335664286	1	411
1.85125834871908	1.58496250072116	412
1.69019608002851	0	413
1.17609125905568	0	414
1.14612803567824	0	415
0.903089986991944	0	416
1.50514997831991	0	417
1.27875360095283	1	418
0.477121254719662	0	419
1.23044892137827	0	420
1.44715803134222	0	421
1.90308998699194	1	422
2.39093510710338	1	423
2.00860017176192	1	424
2.40483371661994	1	425
0.903089986991944	1	426
2.30102999566398	1	427
1.5910646070265	0	428
0.778151250383644	0	429
1.5910646070265	0	430
2.07188200730613	1	431
2.57863920996807	1	432
2.47567118832443	1	433
1	0	434
1.49136169383427	0	435
1.04139268515822	0	436
0.301029995663981	0	437
2.22010808804006	1	438
0.301029995663981	0	439
1.51851393987789	0	440
0.698970004336019	0	441
0.845098040014257	0	442
1.41497334797082	0	443
1.32221929473392	1	444
1.68124123737559	0	445
2.06445798922692	1	446
2.29885307640971	0	447
0.954242509439325	0	448
2.11727129565576	1	449
0.698970004336019	0	450
0.602059991327962	0	451
0.698970004336019	1	452
2.01703333929878	1	453
2.3096301674259	0	454
1.11394335230684	0	455
0.477121254719662	0	456
0.301029995663981	0	457
1.30102999566398	0	458
1.72427586960079	0	459
1.44715803134222	0	460
1.44715803134222	0	461
1.66275783168157	0	462
1.63346845557959	0	463
0.602059991327962	0	464
1.50514997831991	0	465
0.301029995663981	1	466
2.08635983067475	1	467
0.301029995663981	0	468
2.01703333929878	1	469
1.89762709129044	1	470
1.25527250510331	0	471
1.25527250510331	1	472
0.477121254719662	0	473
1	0	474
0.845098040014257	0	475
1.07918124604762	0	476
1.568201724067	0	477
1.7160033436348	1	478
1.55630250076729	0	479
1.04139268515822	0	480
1.25527250510331	0	481
1.17609125905568	0	482
1.14612803567824	0	483
1.53147891704226	0	484
1.54406804435028	0	485
0.301029995663981	0	486
1.20411998265592	0	487
1.04139268515822	0	488
0.698970004336019	0	489
1.04139268515822	0	490
0.477121254719662	0	491
1.27875360095283	0	492
1.53147891704226	1	493
1.04139268515822	0	494
1.47712125471966	0	495
2.59439255037543	1	496
2.13672056715641	0	497
2.11394335230684	0	498
1.30102999566398	0	499
0.698970004336019	0	500
0.778151250383644	0	501
0.477121254719662	0	502
2.13033376849501	1	503
1.73239375982297	0	504
2.16731733474818	1	505
1.34242268082221	0	506
0.903089986991944	0	507
1.36172783601759	0	508
2.24303804868629	1	509
1.17609125905568	0	510
1.50514997831991	0	511
0.301029995663981	0	512
0.602059991327962	0	513
2.18752072083646	1	514
2.96425963019685	1.58496250072116	515
0.954242509439325	0	516
0.301029995663981	0	517
1.77815125038364	1	518
2.15836249209525	1	519
0.602059991327962	0	520
0.301029995663981	0	521
0.954242509439325	1	522
1.77815125038364	0	523
0.477121254719662	0	524
1.11394335230684	0	525
2.05690485133647	1	526
1.76342799356294	0	527
1.07918124604762	1	528
0.698970004336019	0	529
1.04139268515822	0	530
1.568201724067	1	531
0.778151250383644	0	532
0.602059991327962	0	533
1.14612803567824	0	534
1.34242268082221	0	535
1.5910646070265	0	536
1.20411998265592	0	537
0.602059991327962	0	538
1.20411998265592	0	539
0.301029995663981	0	540
0.903089986991944	0	541
1.63346845557959	1	542
0.954242509439325	0	543
1	0	544
1.11394335230684	0	545
0.845098040014257	0	546
0.602059991327962	0	547
1	0	548
1.50514997831991	0	549
1.23044892137827	0	550
2.02938377768521	0	551
0.698970004336019	0	552
1.69019608002851	0	553
1.44715803134222	0	554
2.41329976408125	0	555
2.63245729218472	1	556
2.49415459401844	1.58496250072116	557
2.13353890837022	1	558
1.04139268515822	0	559
1.17609125905568	0	560
2.42324587393681	1	561
0.698970004336019	0	562
1.69897000433602	0	563
1.57978359661681	0	564
1.89762709129044	0	565
1.04139268515822	0	566
0.477121254719662	0	567
1.04139268515822	0	568
0.778151250383644	1	569
1.25527250510331	0	570
1.07918124604762	1	571
1.11394335230684	0	572
1.64345267648619	0	573
0.301029995663981	0	574
1.14612803567824	0	575
1.38021124171161	0	576
0.845098040014257	0	577
0.698970004336019	0	578
0.903089986991944	0	579
0.301029995663981	0	580
1.23044892137827	1	581
1.77815125038364	1	582
0.778151250383644	1	583
0.778151250383644	0	584
1.43136376415899	0	585
1.44715803134222	0	586
1.07918124604762	0	587
1.11394335230684	0	588
1.50514997831991	1	589
1.38021124171161	0	590
1.17609125905568	0	591
1.34242268082221	0	592
1.25527250510331	0	593
2.45484486000851	0	594
1.27875360095283	0	595
1.83884909073726	1	596
2.26951294421792	1.58496250072116	597
1.39794000867204	1	598
2.07554696139253	1	599
1.17609125905568	0	600
1.11394335230684	0	601
1.83250891270624	0	602
1.51851393987789	0	603
1.07918124604762	0	604
1.34242268082221	0	605
0.602059991327962	0	606
0.778151250383644	0	607
2.12057393120585	0	608
1.27875360095283	0	609
0.477121254719662	0	610
1.41497334797082	0	611
1.43136376415899	0	612
0.698970004336019	1	613
0.903089986991944	0	614
0.301029995663981	0	615
0	0	616
0	0	617
1.88081359228079	0	618
1.07918124604762	0	619
1.95904139232109	0	620
1.7160033436348	1	621
0.602059991327962	0	622
0.778151250383644	0	623
1.74036268949424	1	624
0.845098040014257	0	625
1.49136169383427	0	626
0.845098040014257	0	627
0.477121254719662	0	628
1.11394335230684	0	629
1.57978359661681	0	630
1.25527250510331	1	631
0.778151250383644	0	632
0.301029995663981	0	633
1.04139268515822	0	634
0.845098040014257	0	635
0.778151250383644	0	636
0.301029995663981	0	637
1.41497334797082	1	638
2.6170003411209	2	639
1.49136169383427	0	640
0.602059991327962	0	641
1.36172783601759	0	642
1.27875360095283	0	643
1.25527250510331	0	644
1.49136169383427	0	645
0.698970004336019	0	646
1.32221929473392	0	647
0.602059991327962	0	648
0.477121254719662	0	649
0.778151250383644	0	650
0.477121254719662	0	651
1.32221929473392	1	652
1.47712125471966	0	653
1.47712125471966	1	654
2.09691001300806	1	655
0.698970004336019	1	656
1.30102999566398	0	657
0.477121254719662	0	658
0.778151250383644	0	659
1.17609125905568	0	660
0.602059991327962	0	661
1.04139268515822	0	662
1.47712125471966	1	663
0.301029995663981	0	664
2.1846914308176	0	665
1.11394335230684	0	666
0.698970004336019	0	667
1.38021124171161	0	668
1.88081359228079	0	669
1.5910646070265	0	670
0.903089986991944	0	671
1.11394335230684	0	672
1.27875360095283	0	673
2.83884909073726	1	674
2.44404479591808	1	675
2.60314437262018	1.58496250072116	676
0.954242509439325	0	677
1.34242268082221	0	678
1.11394335230684	0	679
0.602059991327962	0	680
0.301029995663981	0	681
0.301029995663981	0	682
0	0	683
1	0	684
1.53147891704226	0	685
1	0	686
1.32221929473392	0	687
0.477121254719662	0	688
0.301029995663981	0	689
0.602059991327962	0	690
0.698970004336019	0	691
0.301029995663981	0	692
1.38021124171161	0	693
1.53147891704226	0	694
1.7160033436348	1	695
1.27875360095283	0	696
1.04139268515822	0	697
0	0	698
0.301029995663981	0	699
0.954242509439325	0	700
1.23044892137827	0	701
0.778151250383644	0	702
1.30102999566398	0	703
1.68124123737559	1	704
0.778151250383644	0	705
0.698970004336019	0	706
0.954242509439325	0	707
0.301029995663981	0	708
0.698970004336019	0	709
1.60205999132796	1.58496250072116	710
1.32221929473392	0	711
1.11394335230684	0	712
1.20411998265592	0	713
0.301029995663981	1	714
0.301029995663981	0	715
1	0	716
0.698970004336019	0	717
0.477121254719662	0	718
1.89209460269048	0	719
1.50514997831991	0	720
2.07188200730613	0	721
0	0	722
0.698970004336019	0	723
1.11394335230684	0	724
1.43136376415899	0	725
0.698970004336019	1	726
1	0	727
0.698970004336019	0	728
1.25527250510331	0	729
2.58994960132571	0	730
1.30102999566398	1	731
1.81291335664286	1	732
0.477121254719662	0	733
0.477121254719662	0	734
0.698970004336019	0	735
1.44715803134222	0	736
1.32221929473392	0	737
0.477121254719662	0	738
0.903089986991944	0	739
1.27875360095283	0	740
1.27875360095283	1	741
0.477121254719662	0	742
2.26481782300954	0	743
1.27875360095283	0	744
1.11394335230684	0	745
1.95424250943932	1	746
0.477121254719662	0	747
0.301029995663981	0	748
0.301029995663981	0	749
1.04139268515822	0	750
0.301029995663981	0	751
0.903089986991944	0	752
0	0	753
1.25527250510331	0	754
0.602059991327962	0	755
1.30102999566398	0	756
0.903089986991944	0	757
1.51851393987789	1	758
1.9912260756925	0	759
0.602059991327962	0	760
1.17609125905568	0	761
1.20411998265592	0	762
1.23044892137827	0	763
0	0	764
1.34242268082221	1	765
0.903089986991944	0	766
1.11394335230684	0	767
1.14612803567824	0	768
1.51851393987789	0	769
0.778151250383644	0	770
1.41497334797082	0	771
1.90848501887865	0	772
0.477121254719662	0	773
1.23044892137827	0	774
1.79239168949825	0	775
0.778151250383644	1	776
0.301029995663981	0	777
0	0	778
0	0	779
0.477121254719662	0	780
1.23044892137827	0	781
1.81954393554187	0	782
1.74036268949424	0	783
1.96378782734556	0	784
0	0	785
1.11394335230684	0	786
0.698970004336019	0	787
2.04139268515823	1	788
0.301029995663981	0	789
1.53147891704226	1	790
1.23044892137827	0	791
0.477121254719662	0	792
0.845098040014257	0	793
1.11394335230684	0	794
0.778151250383644	0	795
1.25527250510331	1	796
1.36172783601759	0	797
0.301029995663981	0	798
1.96848294855394	0	799
0	0	800
1.57978359661681	0	801
0.698970004336019	0	802
1.17609125905568	0	803
1.20411998265592	0	804
0.698970004336019	0	805
0.301029995663981	0	806
1.85125834871908	0	807
0.301029995663981	0	808
0.477121254719662	0	809
0.602059991327962	0	810
0.903089986991944	0	811
1.04139268515822	0	812
1.89209460269048	0	813
1	0	814
0.477121254719662	0	815
0.698970004336019	0	816
0.845098040014257	0	817
0.602059991327962	0	818
0.602059991327962	0	819
0.477121254719662	0	820
1.27875360095283	0	821
0.477121254719662	0	822
0.778151250383644	0	823
0.301029995663981	0	824
1.17609125905568	0	825
0.845098040014257	0	826
0.845098040014257	0	827
1.11394335230684	0	828
0.602059991327962	0	829
0.903089986991944	0	830
0.845098040014257	1	831
1.34242268082221	0	832
1.44715803134222	0	833
2.06069784035361	1	834
1.39794000867204	1	835
1.36172783601759	0	836
0.301029995663981	0	837
0.698970004336019	0	838
0	0	839
0.301029995663981	0	840
1.70757017609794	0	841
0.602059991327962	0	842
0.301029995663981	0	843
1	0	844
1.20411998265592	0	845
1.51851393987789	0	846
1	0	847
1.20411998265592	0	848
1.04139268515822	0	849
1.11394335230684	0	850
2.2380461031288	2	851
0	0	852
0	0	853
1.39794000867204	0	854
1.5910646070265	0	855
0.301029995663981	0	856
0.477121254719662	0	857
0.602059991327962	0	858
0.477121254719662	0	859
0.477121254719662	0	860
0	0	861
0.301029995663981	0	862
0.698970004336019	0	863
0.477121254719662	0	864
1.83250891270624	1	865
1	0	866
0.301029995663981	0	867
0	0	868
0.477121254719662	0	869
1	0	870
0.778151250383644	0	871
0.301029995663981	0	872
0.778151250383644	0	873
0.301029995663981	0	874
0.845098040014257	0	875
0.477121254719662	0	876
1.20411998265592	0	877
2.30535136944662	0	878
0.301029995663981	0	879
2.02938377768521	0	880
1.32221929473392	0	881
0	0	882
0.602059991327962	0	883
1.69897000433602	0	884
0.845098040014257	0	885
0.602059991327962	0	886
1.80617997398389	0	887
1.11394335230684	0	888
1.61278385671974	0	889
0.301029995663981	0	890
1.30102999566398	0	891
0.301029995663981	0	892
0.301029995663981	0	893
1.07918124604762	0	894
0.903089986991944	0	895
1.04139268515822	0	896
0.301029995663981	0	897
1.30102999566398	0	898
0.778151250383644	0	899
1.11394335230684	0	900
1.30102999566398	0	901
0.698970004336019	0	902
0.698970004336019	0	903
0.954242509439325	0	904
1.49136169383427	0	905
1.84509804001426	1	906
1	0	907
0.477121254719662	0	908
1.47712125471966	0	909
0.301029995663981	0	910
1.04139268515822	0	911
0.602059991327962	0	912
1.07918124604762	0	913
0	0	914
1.43136376415899	0	915
0.477121254719662	1	916
0.602059991327962	0	917
2.16136800223497	0	918
1	0	919
0.778151250383644	0	920
1.07918124604762	0	921
0.903089986991944	0	922
0.602059991327962	0	923
0.477121254719662	0	924
0.698970004336019	0	925
0.602059991327962	0	926
0.903089986991944	0	927
1.07918124604762	0	928
1.51851393987789	0	929
1.32221929473392	0	930
1.91907809237607	1	931
1.25527250510331	0	932
1.30102999566398	0	933
2.18752072083646	0	934
1.51851393987789	0	935
0.698970004336019	0	936
0.698970004336019	0	937
0	0	938
1.60205999132796	0	939
0	0	940
0.698970004336019	0	941
0	0	942
0.477121254719662	0	943
0.698970004336019	0	944
0.954242509439325	0	945
0.477121254719662	0	946
0.954242509439325	0	947
0.698970004336019	0	948
0.477121254719662	0	949
0.477121254719662	0	950
0.602059991327962	1	951
0.301029995663981	0	952
0.301029995663981	0	953
1.23044892137827	0	954
1.49136169383427	0	955
1.04139268515822	0	956
2.17026171539496	0	957
0.778151250383644	0	958
0.954242509439325	0	959
2.17318626841227	0	960
0.903089986991944	0	961
0	0	962
1.49136169383427	0	963
1.60205999132796	0	964
0.954242509439325	0	965
1.04139268515822	0	966
1.73239375982297	0	967
0.477121254719662	0	968
0.301029995663981	0	969
0.301029995663981	0	970
0.301029995663981	0	971
1.25527250510331	0	972
0.954242509439325	0	973
0.954242509439325	0	974
0.477121254719662	0	975
0.698970004336019	0	976
1.47712125471966	0	977
0.602059991327962	0	978
1.11394335230684	0	979
0.698970004336019	0	980
0.301029995663981	0	981
0	0	982
1.44715803134222	0	983
0.301029995663981	0	984
1.39794000867204	0	985
1.14612803567824	0	986
0.477121254719662	0	987
1.39794000867204	0	988
0.602059991327962	0	989
1.32221929473392	0	990
0.602059991327962	0	991
1.9912260756925	0	992
0.903089986991944	0	993
1.17609125905568	0	994
0	0	995
0	0	996
2.39445168082622	0	997
0.301029995663981	0	998
1.9731278535997	1	999
0.477121254719662	0	1000
1	0	1001
0.698970004336019	0	1002
0.301029995663981	0	1003
0.477121254719662	0	1004
0	0	1005
1.11394335230684	0	1006
1.77815125038364	0	1007
0.301029995663981	0	1008
1.53147891704226	1	1009
0.698970004336019	0	1010
1.51851393987789	1	1011
1.98677173426624	1	1012
0.477121254719662	0	1013
0.301029995663981	0	1014
1.90848501887865	0	1015
1.11394335230684	1	1016
0.698970004336019	0	1017
0.698970004336019	0	1018
1.04139268515822	1	1019
0	0	1020
0.301029995663981	0	1021
0.301029995663981	0	1022
1.39794000867204	0	1023
0	0	1024
0	0	1025
0.301029995663981	0	1026
0	0	1027
0.698970004336019	0	1028
0.778151250383644	0	1029
1.25527250510331	0	1030
0.301029995663981	0	1031
0.778151250383644	0	1032
0.954242509439325	0	1033
0	0	1034
0.301029995663981	0	1035
0.477121254719662	0	1036
0.602059991327962	0	1037
0.903089986991944	0	1038
0	0	1039
0.301029995663981	0	1040
0	0	1041
1.23044892137827	0	1042
0.477121254719662	0	1043
1.72427586960079	0	1044
0.477121254719662	0	1045
0.602059991327962	0	1046
1.11394335230684	0	1047
0	0	1048
0.602059991327962	0	1049
0.301029995663981	0	1050
2.08278537031645	0	1051
0.477121254719662	0	1052
1.07918124604762	0	1053
1.20411998265592	0	1054
0.477121254719662	0	1055
0	0	1056
0.698970004336019	0	1057
1.27875360095283	0	1058
0.301029995663981	0	1059
0.477121254719662	0	1060
0.602059991327962	0	1061
0.602059991327962	0	1062
0.778151250383644	0	1063
0	0	1064
0	0	1065
0.845098040014257	1	1066
1.38021124171161	0	1067
1.77815125038364	0	1068
0	0	1069
0.903089986991944	0	1070
0.477121254719662	0	1071
0.602059991327962	0	1072
0.845098040014257	0	1073
1.63346845557959	1	1074
0.301029995663981	0	1075
0.602059991327962	0	1076
1.11394335230684	0	1077
0.845098040014257	0	1078
0.301029995663981	1	1079
0.301029995663981	0	1080
0.477121254719662	0	1081
0	0	1082
1	0	1083
1.84509804001426	0	1084
0.778151250383644	0	1085
0.301029995663981	0	1086
1.07918124604762	1	1087
1.7481880270062	0	1088
0.301029995663981	0	1089
0.301029995663981	0	1090
1.43136376415899	0	1091
1	0	1092
0.477121254719662	0	1093
0.301029995663981	0	1094
1.11394335230684	0	1095
1.568201724067	0	1096
1.23044892137827	1	1097
0.477121254719662	0	1098
1.25527250510331	1	1099
1.8750612633917	1	1100
2.09342168516224	1	1101
1.20411998265592	0	1102
1.60205999132796	0	1103
0.698970004336019	0	1104
0.845098040014257	0	1105
0.903089986991944	0	1106
0.698970004336019	0	1107
0.301029995663981	0	1108
0.602059991327962	0	1109
0	0	1110
1	0	1111
0	0	1112
1.11394335230684	0	1113
1.20411998265592	0	1114
1.85125834871908	0	1115
0.301029995663981	0	1116
0.698970004336019	0	1117
0.602059991327962	0	1118
0.477121254719662	0	1119
0.477121254719662	0	1120
1.07918124604762	1	1121
0.477121254719662	0	1122
1.63346845557959	0	1123
0.477121254719662	0	1124
1.17609125905568	0	1125
0	0	1126
0.903089986991944	0	1127
0.301029995663981	0	1128
1.54406804435028	0	1129
0.477121254719662	0	1130
1.50514997831991	0	1131
1.46239799789896	0	1132
1.20411998265592	0	1133
0.301029995663981	0	1134
0.301029995663981	0	1135
0	0	1136
1.568201724067	0	1137
0.301029995663981	0	1138
1.30102999566398	0	1139
1.23044892137827	0	1140
2.00860017176192	2	1141
0.602059991327962	0	1142
1.70757017609794	0	1143
1.27875360095283	0	1144
0.903089986991944	0	1145
1.46239799789896	0	1146
2.02530586526477	0	1147
0.778151250383644	0	1148
0.778151250383644	0	1149
1.07918124604762	0	1150
1.34242268082221	0	1151
0.845098040014257	0	1152
0.602059991327962	0	1153
0.301029995663981	0	1154
0.477121254719662	0	1155
0.477121254719662	0	1156
0.477121254719662	0	1157
0.301029995663981	0	1158
0.845098040014257	0	1159
1.14612803567824	0	1160
0.477121254719662	1	1161
0	0	1162
0	0	1163
0	0	1164
0.301029995663981	0	1165
1.04139268515822	0	1166
0	0	1167
0	0	1168
0	0	1169
0.301029995663981	0	1170
0.698970004336019	0	1171
1.89209460269048	0	1172
0.301029995663981	0	1173
0	0	1174
0	0	1175
0	0	1176
0.698970004336019	0	1177
0.845098040014257	0	1178
1.14612803567824	0	1179
0	0	1180
0.477121254719662	0	1181
0.301029995663981	0	1182
1.14612803567824	0	1183
0	0	1184
0.301029995663981	0	1185
1.17609125905568	0	1186
0.477121254719662	0	1187
0.602059991327962	0	1188
0.301029995663981	0	1189
0.477121254719662	0	1190
0.602059991327962	0	1191
0.301029995663981	0	1192
0.602059991327962	0	1193
0	0	1194
0	0	1195
0	0	1196
1	0	1197
0	0	1198
0	0	1199
0	0	1200
0	0	1201
0.477121254719662	0	1202
0	0	1203
0.845098040014257	0	1204
0	0	1205
0	0	1206
0.477121254719662	0	1207
0	0	1208
0.477121254719662	0	1209
0	0	1210
0	0	1211
0	0	1212
0.301029995663981	0	1213
0	0	1214
0.301029995663981	0	1215
0.301029995663981	1	1216
0.477121254719662	0	1217
0.301029995663981	0	1218
0.602059991327962	0	1219
0.301029995663981	0	1220
0	0	1221
0	0	1222
0	0	1223
0	0	1224
0.301029995663981	0	1225
0.301029995663981	0	1226
0.477121254719662	0	1227
0.477121254719662	0	1228
0.477121254719662	0	1229
0	0	1230
0	0	1231
0	0	1232
0	0	1233
0	0	1234
0	0	1235
0.301029995663981	0	1236
0.778151250383644	0	1237
1.27875360095283	0	1238
1.11394335230684	0	1239
0.301029995663981	0	1240
0.301029995663981	0	1241
0	0	1242
0	0	1243
0	0	1244
0	0	1245
0	0	1246
0	0	1247
0	0	1248
0.301029995663981	0	1249
1.63346845557959	0	1250
0.301029995663981	0	1251
1.17609125905568	0	1252
0.778151250383644	0	1253
0	0	1254
1.30102999566398	0	1255
0.301029995663981	0	1256
0	0	1257
0	0	1258
0	0	1259
0.698970004336019	0	1260
0	0	1261
1.27875360095283	0	1262
0	0	1263
0	0	1264
0	0	1265
0.845098040014257	0	1266
0	0	1267
0	0	1268
1.36172783601759	1	1269
0.778151250383644	0	1270
0.301029995663981	0	1271
0	0	1272
0.477121254719662	0	1273
0.778151250383644	0	1274
0.602059991327962	0	1275
0.602059991327962	0	1276
1.86332286012046	0	1277
0.845098040014257	0	1278
0.477121254719662	0	1279
0.602059991327962	0	1280
1.32221929473392	0	1281
0	0	1282
0	0	1283
0	0	1284
1.07918124604762	2	1285
0	0	1286
0	0	1287
0	0	1288
0	0	1289
0	0	1290
0.301029995663981	0	1291
0.602059991327962	0	1292
0	0	1293
1.51851393987789	0	1294
0.778151250383644	0	1295
0	0	1296
0	0	1297
0.301029995663981	0	1298
1.30102999566398	0	1299
0	0	1300
1.38021124171161	0	1301
1.23044892137827	0	1302
0	0	1303
0	0	1304
0.698970004336019	0	1305
1.07918124604762	0	1306
0.477121254719662	0	1307
0	0	1308
0	0	1309
0.477121254719662	0	1310
0	0	1311
0	0	1312
0	0	1313
0	0	1314
0.477121254719662	0	1315
0	0	1316
0	0	1317
1.60205999132796	0	1318
0	0	1319
0	0	1320
0	0	1321
0	0	1322
0.477121254719662	0	1323
0.698970004336019	0	1324
0	0	1325
0.477121254719662	0	1326
0	0	1327
0	0	1328
1.17609125905568	1	1329
0.477121254719662	0	1330
0.602059991327962	0	1331
0	0	1332
0	0	1333
0	0	1334
0.301029995663981	0	1335
0	0	1336
0.477121254719662	0	1337
0.301029995663981	0	1338
0.698970004336019	0	1339
0	0	1340
1.41497334797082	0	1341
1.04139268515822	0	1342
0.954242509439325	0	1343
0	0	1344
0.602059991327962	0	1345
0.301029995663981	0	1346
1.30102999566398	0	1347
0.698970004336019	0	1348
1.20411998265592	0	1349
1.77085201164214	1.58496250072116	1350
1.67209785793572	0	1351
0	0	1352
2.19589965240923	0	1353
0	0	1354
1.60205999132796	0	1355
0	0	1356
0	0	1357
0	0	1358
0.477121254719662	0	1359
0	0	1360
0	0	1361
0	0	1362
0	0	1363
0	0	1364
1.27875360095283	1	1365
0	0	1366
0	0	1367
0.698970004336019	0	1368
0.301029995663981	0	1369
0	0	1370
0.698970004336019	0	1371
0.477121254719662	0	1372
0.301029995663981	0	1373
1.75587485567249	0	1374
0.301029995663981	0	1375
0.954242509439325	0	1376
0.903089986991944	0	1377
1.49136169383427	0	1378
0	0	1379
0	0	1380
0.698970004336019	0	1381
0	0	1382
1.14612803567824	0	1383
0	0	1384
0	0	1385
0.698970004336019	1	1386
0	0	1387
0.477121254719662	0	1388
0.778151250383644	0	1389
0	0	1390
0.778151250383644	0	1391
0	0	1392
1.14612803567824	0	1393
0	0	1394
0.845098040014257	0	1395
0	0	1396
0	0	1397
0	0	1398
0	0	1399
0	0	1400
0.477121254719662	0	1401
0	0	1402
0.301029995663981	0	1403
0	0	1404
0	0	1405
0	0	1406
0	0	1407
0	0	1408
1.17609125905568	0	1409
0	0	1410
0.602059991327962	0	1411
0	0	1412
0.602059991327962	0	1413
0	0	1414
0	0	1415
0	0	1416
0	0	1417
0	0	1418
0	0	1419
0	0	1420
0	0	1421
0.301029995663981	0	1422
0.954242509439325	1	1423
0.301029995663981	0	1424
1.11394335230684	0	1425
0	0	1426
0	0	1427
0	0	1428
0	0	1429
0	0	1430
0.301029995663981	0	1431
0	0	1432
1.04139268515822	0	1433
0.477121254719662	0	1434
1.41497334797082	1	1435
0	0	1436
0	0	1437
1.79239168949825	0	1438
0	0	1439
0	0	1440
0.698970004336019	0	1441
0	0	1442
1.20411998265592	0	1443
0	0	1444
0	0	1445
0.698970004336019	0	1446
0	0	1447
0	0	1448
0.301029995663981	0	1449
0	0	1450
1.32221929473392	0	1451
0	0	1452
0	0	1453
1.27875360095283	0	1454
0.477121254719662	0	1455
0.778151250383644	0	1456
0	0	1457
0.845098040014257	0	1458
1.11394335230684	0	1459
0.845098040014257	0	1460
1.04139268515822	1	1461
1.61278385671974	0	1462
0.301029995663981	0	1463
0	0	1464
1.47712125471966	0	1465
0.301029995663981	0	1466
0.698970004336019	0	1467
0	0	1468
0.477121254719662	0	1469
0	0	1470
0	0	1471
0	0	1472
1.68124123737559	0	1473
0.477121254719662	0	1474
1.20411998265592	0	1475
0.477121254719662	0	1476
0	0	1477
0.698970004336019	0	1478
0.301029995663981	0	1479
0	0	1480
0	0	1481
0.477121254719662	0	1482
0.477121254719662	0	1483
0	0	1484
1	0	1485
1.14612803567824	0	1486
0.301029995663981	0	1487
0.954242509439325	0	1488
0	0	1489
0.301029995663981	0	1490
1.25527250510331	0	1491
0	0	1492
1.11394335230684	0	1493
0	0	1494
0	0	1495
0	0	1496
0	0	1497
0	0	1498
0	0	1499
0	0	1500
0	0	1501
0.477121254719662	0	1502
1	1	1503
0	0	1504
0	0	1505
0	0	1506
0	0	1507
0	0	1508
0	0	1509
0	0	1510
0.845098040014257	0	1511
0	0	1512
0	0	1513
0.301029995663981	0	1514
1.34242268082221	0	1515
0	0	1516
0.477121254719662	0	1517
0.301029995663981	0	1518
0.602059991327962	0	1519
0	0	1520
0	0	1521
0	0	1522
1.20411998265592	0	1523
0	0	1524
0.698970004336019	0	1525
0.778151250383644	0	1526
1.14612803567824	0	1527
0	0	1528
0	0	1529
0	0	1530
0	0	1531
0	0	1532
0	0	1533
0	0	1534
0.778151250383644	0	1535
0	0	1536
0	0	1537
0	0	1538
0.301029995663981	0	1539
0	0	1540
0.698970004336019	0	1541
0	0	1542
0	0	1543
0	0	1544
0.301029995663981	0	1545
0	0	1546
1.84509804001426	0	1547
0	0	1548
0	0	1549
0	0	1550
0.903089986991944	1	1551
0.301029995663981	0	1552
0.778151250383644	0	1553
0	0	1554
0.301029995663981	0	1555
0	0	1556
0	0	1557
0	0	1558
0	0	1559
0	0	1560
0	0	1561
0	0	1562
0	0	1563
0	0	1564
0.301029995663981	0	1565
0	0	1566
0.477121254719662	0	1567
1.23044892137827	0	1568
0.602059991327962	0	1569
0	0	1570
0	0	1571
0	0	1572
0.477121254719662	0	1573
0	0	1574
0	0	1575
0	0	1576
0.903089986991944	1	1577
0	0	1578
0	0	1579
0	0	1580
0.602059991327962	0	1581
0	0	1582
0	0	1583
0	0	1584
0	0	1585
0.845098040014257	0	1586
0.301029995663981	0	1587
0.698970004336019	0	1588
0	0	1589
0	0	1590
0	0	1591
0	0	1592
0.602059991327962	0	1593
0.301029995663981	0	1594
0.477121254719662	0	1595
0	0	1596
0.301029995663981	0	1597
0	0	1598
0.845098040014257	1	1599
0	0	1600
0	0	1601
0	0	1602
0	0	1603
0.698970004336019	0	1604
0.477121254719662	0	1605
0	0	1606
0	0	1607
0	0	1608
0	0	1609
0	0	1610
0	0	1611
0	0	1612
0	0	1613
0	0	1614
1	0	1615
0	0	1616
0	0	1617
0.301029995663981	0	1618
0	0	1619
0.301029995663981	0	1620
1.38021124171161	0	1621
1.07918124604762	0	1622
0.845098040014257	0	1623
0	0	1624
0	0	1625
0	0	1626
0	0	1627
0	0	1628
0	0	1629
0.698970004336019	0	1630
0	0	1631
0	0	1632
0.602059991327962	0	1633
0.778151250383644	0	1634
0	0	1635
0	0	1636
0.954242509439325	0	1637
0.903089986991944	0	1638
0	0	1639
0	0	1640
0	0	1641
0	0	1642
0	0	1643
0	0	1644
0.477121254719662	1	1645
0.301029995663981	0	1646
1.11394335230684	0	1647
0	0	1648
0	0	1649
0	0	1650
0	0	1651
0	0	1652
0.301029995663981	0	1653
0.301029995663981	0	1654
0.903089986991944	0	1655
0.477121254719662	0	1656
0	0	1657
1.53147891704226	0	1658
0.301029995663981	0	1659
0	0	1660
0	0	1661
0	0	1662
0.301029995663981	0	1663
0	0	1664
0.477121254719662	0	1665
0	0	1666
0.698970004336019	0	1667
0.477121254719662	0	1668
0.778151250383644	0	1669
0	0	1670
0	0	1671
0	0	1672
0	0	1673
0.301029995663981	0	1674
0.778151250383644	0	1675
0	0	1676
0	0	1677
0	0	1678
0	0	1679
0	0	1680
0.778151250383644	0	1681
0	0	1682
0.954242509439325	0	1683
0	0	1684
0.602059991327962	0	1685
1.25527250510331	0	1686
0.477121254719662	0	1687
0.301029995663981	0	1688
1.04139268515822	0	1689
0	0	1690
0.602059991327962	0	1691
0	0	1692
1.27875360095283	0	1693
1.23044892137827	0	1694
0	0	1695
0	0	1696
0.778151250383644	0	1697
0.477121254719662	0	1698
0.301029995663981	0	1699
1.25527250510331	0	1700
0	0	1701
0	0	1702
0	0	1703
0	0	1704
0	0	1705
0	0	1706
0	0	1707
0	0	1708
0	0	1709
0.698970004336019	0	1710
0	0	1711
0	0	1712
0	0	1713
0	0	1714
0.301029995663981	0	1715
0	0	1716
0	0	1717
0	0	1718
0	0	1719
0	0	1720
0	0	1721
0	0	1722
0	0	1723
0.477121254719662	0	1724
0.845098040014257	0	1725
0	0	1726
1.568201724067	0	1727
0	0	1728
0	0	1729
0	0	1730
1.14612803567824	0	1731
0	0	1732
1.53147891704226	1	1733
0	0	1734
0.778151250383644	0	1735
0	0	1736
0	0	1737
0	0	1738
0.301029995663981	0	1739
0	0	1740
0	0	1741
0	0	1742
0	0	1743
0.845098040014257	0	1744
0.698970004336019	0	1745
0.602059991327962	0	1746
0	0	1747
0	0	1748
0.301029995663981	0	1749
0	0	1750
0	0	1751
0.778151250383644	0	1752
1.23044892137827	0	1753
0.778151250383644	0	1754
1.97772360528885	0	1755
1.67209785793572	0	1756
0	0	1757
0	0	1758
0	0	1759
1.17609125905568	0	1760
0	0	1761
0	0	1762
0	0	1763
0	0	1764
0	0	1765
0	0	1766
0	0	1767
0	0	1768
0.301029995663981	0	1769
1.23044892137827	0	1770
0	0	1771
0	0	1772
0	0	1773
0.845098040014257	0	1774
0.477121254719662	0	1775
0	0	1776
0	0	1777
0	0	1778
1.04139268515822	0	1779
0.602059991327962	0	1780
0.301029995663981	0	1781
0	0	1782
1	0	1783
0.301029995663981	0	1784
0	0	1785
0	0	1786
1	0	1787
0	0	1788
0	0	1789
0	0	1790
0.477121254719662	0	1791
0	0	1792
0.602059991327962	0	1793
0	0	1794
0.477121254719662	0	1795
0	0	1796
0.301029995663981	0	1797
1.53147891704226	1	1798
1.38021124171161	0	1799
1.14612803567824	0	1800
0.954242509439325	0	1801
0	0	1802
0	0	1803
0	0	1804
0.301029995663981	0	1805
0	0	1806
0	0	1807
0	0	1808
1.23044892137827	0	1809
0.778151250383644	0	1810
0.954242509439325	1	1811
0	0	1812
0.602059991327962	0	1813
0.301029995663981	0	1814
0.301029995663981	0	1815
1.14612803567824	0	1816
0	0	1817
0	0	1818
0	0	1819
0	0	1820
0	0	1821
0.301029995663981	0	1822
0.477121254719662	0	1823
0	0	1824
0.301029995663981	0	1825
0.301029995663981	0	1826
0	0	1827
0	0	1828
0	0	1829
0	0	1830
0.778151250383644	0	1831
0.698970004336019	0	1832
0.301029995663981	0	1833
0.698970004336019	0	1834
0.301029995663981	0	1835
0	0	1836
0.301029995663981	0	1837
0.301029995663981	0	1838
0	0	1839
0	0	1840
0	0	1841
0.903089986991944	0	1842
1	0	1843
0	0	1844
0	0	1845
0.301029995663981	0	1846
0.301029995663981	0	1847
0	0	1848
0	0	1849
0	0	1850
0	0	1851
0.477121254719662	0	1852
0.301029995663981	0	1853
0	0	1854
0	0	1855
0	0	1856
0	0	1857
0	0	1858
0.954242509439325	0	1859
0.477121254719662	0	1860
0	0	1861
0.954242509439325	0	1862
0.301029995663981	0	1863
1.34242268082221	0	1864
0	0	1865
0	0	1866
0.477121254719662	0	1867
0	0	1868
0.602059991327962	0	1869
0.602059991327962	0	1870
0	0	1871
0	0	1872
0	0	1873
0	0	1874
0	0	1875
0	0	1876
0	0	1877
0.602059991327962	0	1878
0	0	1879
0	0	1880
0	0	1881
0.477121254719662	0	1882
0.903089986991944	0	1883
0	0	1884
0	0	1885
0	0	1886
0	0	1887
0	0	1888
0	0	1889
0	0	1890
0	0	1891
0	0	1892
0.477121254719662	0	1893
0	0	1894
0.301029995663981	0	1895
0	0	1896
0	0	1897
0	0	1898
0	0	1899
0	0	1900
0	0	1901
0	0	1902
0.301029995663981	0	1903
0	0	1904
0	0	1905
0	0	1906
0.301029995663981	0	1907
0	0	1908
0.301029995663981	0	1909
0	0	1910
0	0	1911
0	0	1912
0.477121254719662	0	1913
0.954242509439325	0	1914
0.602059991327962	0	1915
0	0	1916
0.602059991327962	0	1917
0	0	1918
0	0	1919
0	0	1920
0.301029995663981	0	1921
0	0	1922
0	0	1923
0	0	1924
0	0	1925
0	0	1926
0.778151250383644	0	1927
0	0	1928
1.14612803567824	0	1929
0.602059991327962	0	1930
0	0	1931
1.47712125471966	0	1932
2.3654879848909	0	1933
0.301029995663981	0	1934
1.07918124604762	0	1935
0	0	1936
0	0	1937
0.698970004336019	0	1938
0.301029995663981	0	1939
0.602059991327962	0	1940
1.30102999566398	0	1941
0	0	1942
0.778151250383644	0	1943
0.602059991327962	0	1944
1.17609125905568	1	1945
0	0	1946
0.698970004336019	0	1947
0	0	1948
0.301029995663981	0	1949
0.602059991327962	0	1950
0	0	1951
0.845098040014257	0	1952
0.778151250383644	0	1953
0	0	1954
1.20411998265592	0	1955
1.36172783601759	0	1956
1.39794000867204	0	1957
0.698970004336019	0	1958
1.23044892137827	1	1959
0.301029995663981	0	1960
0	0	1961
0	0	1962
0.845098040014257	0	1963
0	0	1964
0	0	1965
0.301029995663981	0	1966
0.301029995663981	0	1967
0	0	1968
0.954242509439325	0	1969
0	0	1970
1.67209785793572	0	1971
0	0	1972
1.04139268515822	0	1973
0	0	1974
0	0	1975
0	0	1976
0.602059991327962	0	1977
0	0	1978
0.301029995663981	0	1979
0	0	1980
0	0	1981
0	0	1982
0	0	1983
0	0	1984
0.602059991327962	1	1985
0.301029995663981	0	1986
0.954242509439325	0	1987
0.477121254719662	0	1988
0.477121254719662	0	1989
0	0	1990
0	0	1991
0	0	1992
0	0	1993
0.602059991327962	0	1994
1.30102999566398	0	1995
0.698970004336019	0	1996
0.477121254719662	0	1997
0.301029995663981	0	1998
0	0	1999
0	0	2000
0	0	2001
0	0	2002
0.903089986991944	0	2003
0	0	2004
1.11394335230684	0	2005
0	0	2006
0.778151250383644	0	2007
0	0	2008
0	0	2009
0	0	2010
0	0	2011
0	0	2012
0	0	2013
0.602059991327962	0	2014
1.23044892137827	0	2015
0	0	2016
1.23044892137827	0	2017
1.47712125471966	0	2018
0.903089986991944	0	2019
0	0	2020
0	0	2021
0	0	2022
0.602059991327962	0	2023
0.301029995663981	0	2024
0.602059991327962	0	2025
0	0	2026
0.778151250383644	0	2027
0.477121254719662	0	2028
0.602059991327962	0	2029
0	0	2030
0.903089986991944	0	2031
0.477121254719662	0	2032
1.14612803567824	1	2033
0.477121254719662	0	2034
1.11394335230684	0	2035
0	0	2036
0.301029995663981	0	2037
0	0	2038
0	0	2039
0	0	2040
0	0	2041
0.903089986991944	0	2042
0	0	2043
1.11394335230684	1	2044
0	0	2045
0.301029995663981	0	2046
0	0	2047
0	0	2048
0	0	2049
0	0	2050
0	0	2051
0	0	2052
0	0	2053
0	0	2054
0	0	2055
0.301029995663981	0	2056
0.903089986991944	0	2057
0	0	2058
0	0	2059
0.602059991327962	0	2060
0.602059991327962	0	2061
0	0	2062
0	0	2063
0	0	2064
0	0	2065
0	0	2066
0	0	2067
0	0	2068
0	0	2069
0	0	2070
0	0	2071
0	0	2072
0.698970004336019	0	2073
0.301029995663981	0	2074
0.301029995663981	0	2075
0	0	2076
0	0	2077
0	0	2078
0	0	2079
0	0	2080
1.07918124604762	0	2081
0	0	2082
0	0	2083
0	0	2084
0.477121254719662	0	2085
0	0	2086
0.602059991327962	0	2087
0.301029995663981	0	2088
1.36172783601759	1	2089
0	0	2090
0.301029995663981	0	2091
0	0	2092
0.477121254719662	0	2093
0	0	2094
1.04139268515822	0	2095
0	0	2096
0	0	2097
0	0	2098
0	0	2099
0	0	2100
0	0	2101
0.301029995663981	0	2102
0	0	2103
0.301029995663981	0	2104
0.698970004336019	0	2105
1.30102999566398	1	2106
0.698970004336019	0	2107
0	0	2108
0	0	2109
0	0	2110
0	0	2111
0	0	2112
0	0	2113
0.698970004336019	0	2114
1.11394335230684	0	2115
0.477121254719662	0	2116
0.477121254719662	0	2117
0.477121254719662	0	2118
0	0	2119
0.301029995663981	0	2120
0	0	2121
0	0	2122
0.301029995663981	0	2123
0	0	2124
0	0	2125
0.301029995663981	0	2126
0.301029995663981	0	2127
0	0	2128
0	0	2129
0	0	2130
0	0	2131
0	0	2132
0.778151250383644	0	2133
0	0	2134
1.25527250510331	0	2135
0	0	2136
1.7481880270062	0	2137
0	0	2138
0	0	2139
0.301029995663981	0	2140
0	0	2141
0	0	2142
1.61278385671974	1	2143
0	0	2144
0	0	2145
0	0	2146
0	0	2147
0.301029995663981	0	2148
0.778151250383644	0	2149
0	0	2150
0	0	2151
0.477121254719662	0	2152
0.477121254719662	0	2153
0	0	2154
0.698970004336019	0	2155
0	0	2156
0	0	2157
0	0	2158
0.301029995663981	0	2159
0	0	2160
0	0	2161
0	0	2162
0	0	2163
0	0	2164
0	0	2165
0	0	2166
0	0	2167
0	0	2168
0	0	2169
0	0	2170
1.38021124171161	0	2171
0	0	2172
0	0	2173
0.903089986991944	0	2174
0.477121254719662	0	2175
0	0	2176
1.14612803567824	0	2177
0	0	2178
0.301029995663981	0	2179
0.477121254719662	0	2180
0.477121254719662	0	2181
0	0	2182
0.477121254719662	0	2183
0.301029995663981	0	2184
0.698970004336019	0	2185
0	0	2186
0.845098040014257	0	2187
0	0	2188
0	0	2189
0.845098040014257	0	2190
0	0	2191
0	0	2192
0	0	2193
1.23044892137827	1	2194
0.698970004336019	0	2195
0	0	2196
0.477121254719662	0	2197
0	0	2198
0	0	2199
0.301029995663981	0	2200
0.602059991327962	0	2201
0.903089986991944	0	2202
0.954242509439325	0	2203
0	0	2204
1.07918124604762	0	2205
0	0	2206
1	0	2207
0	0	2208
0	0	2209
0	0	2210
0	0	2211
0	0	2212
0.301029995663981	0	2213
0	0	2214
0.477121254719662	0	2215
0	0	2216
0.602059991327962	1	2217
0.301029995663981	0	2218
0.301029995663981	0	2219
0	0	2220
0	0	2221
0	0	2222
0	0	2223
0	0	2224
0	0	2225
0	0	2226
1.14612803567824	0	2227
0.954242509439325	0	2228
1.25527250510331	0	2229
0	0	2230
0.301029995663981	0	2231
0	0	2232
0	0	2233
0	0	2234
0.602059991327962	1	2235
0	0	2236
0	0	2237
0	0	2238
0	0	2239
0	0	2240
0	0	2241
0	0	2242
0.301029995663981	0	2243
0	0	2244
0.778151250383644	1	2245
0	0	2246
0	0	2247
0	0	2248
0	0	2249
0	0	2250
0.698970004336019	0	2251
0	0	2252
0	0	2253
0.903089986991944	0	2254
0.602059991327962	0	2255
0	0	2256
0.778151250383644	0	2257
0.698970004336019	0	2258
0.903089986991944	0	2259
0	0	2260
0.477121254719662	0	2261
0.698970004336019	0	2262
1.14612803567824	0	2263
1.43136376415899	0	2264
0.698970004336019	1	2265
0.477121254719662	0	2266
0.477121254719662	0	2267
0	0	2268
0	0	2269
0.698970004336019	0	2270
0.698970004336019	0	2271
0	0	2272
0	0	2273
0	0	2274
0.301029995663981	0	2275
0	0	2276
0	0	2277
0	0	2278
1.25527250510331	0	2279
0	0	2280
0	0	2281
0.301029995663981	0	2282
0.477121254719662	0	2283
0.778151250383644	1	2284
0	0	2285
0.698970004336019	0	2286
0.602059991327962	0	2287
0	0	2288
0.778151250383644	0	2289
0	0	2290
0.954242509439325	0	2291
0.778151250383644	0	2292
0.477121254719662	0	2293
1.568201724067	1	2294
0.954242509439325	0	2295
0	0	2296
0.301029995663981	0	2297
0.301029995663981	0	2298
0.845098040014257	0	2299
0.301029995663981	0	2300
0.698970004336019	0	2301
0.602059991327962	0	2302
0.698970004336019	0	2303
0	0	2304
0.778151250383644	0	2305
0	0	2306
0	0	2307
0	0	2308
0	0	2309
0	0	2310
0	0	2311
0	0	2312
0	0	2313
0.301029995663981	0	2314
0.698970004336019	0	2315
0	0	2316
0	0	2317
0	0	2318
0	0	2319
0	0	2320
