x	y	clickSelects
0.0649213531878201	0.366013242313841	1979
-0.09583596639267	1.24106209081679	1066
-0.10126673593284	1.23458101695761	104
-0.0839752754002701	0.610627122431257	105
0.0122398843202101	0.735721147477495	614
0.0649213531878201	0.366013242313841	3
0.0836753570583999	0.810469571974507	139
0.05811351075858	1.10184575106007	1066
0.0627192033825601	0.367551901599635	2075
0.06392695853498	0.368089065271185	3
0.0597876717155501	0.357884954661445	3
0.02791893500884	1.34434705052476	182
0.09472586323977	1.45833049286844	139
0.11708440320162	0.883077178047989	43
-0.0936482888153101	0.646506257139742	150
0.0802063614178401	0.824855472661481	73
-0.05182994576191	0.98957871301758	349
0.02511507662713	1.35753086204577	349
-0.0532826244800799	1.48176550383511	45
0.0247794875740399	0.715695351864656	45
0.10904755519578	0.931027390011416	648
0.000659301328679973	1.08644638724228	648
0.11708689874859	0.934058493834424	648
-0.0325929331339101	1.32822672231365	1114
0.0493886874340701	1.17501140763531	68
-0.0535970060112201	2.05887427127546	68
0.093149723914	1.41272317996561	45
0.0524976713346199	1.10875911457914	45
0.11185657875067	0.912879468585561	105
0.0170982140893401	0.721869460784126	105
-0.0854891407323799	0.629449105051963	105
0.10806922478712	0.909320745373189	3
-0.0368238824225799	1.30437777320691	45
-0.09138883441868	0.653366143293832	224
-0.0572051807893399	0.970125414753609	105
-0.0330892755993	1.29602330268319	150
0.08975153923548	1.19434076725276	139
0.072840686435	0.83380937400454	416
0.11758255567958	0.853583501240527	365
-0.0925181703298901	0.652786260842017	365
0.06613040292985	0.817291192415691	365
0.01992040711534	0.704217399182238	68
0.12128148702614	0.899480144095096	24
-0.0915649056794601	0.631896635544838	224
-0.0679659351628199	0.953605071570423	224
-0.0923416636702701	0.637291052744261	148
-0.0852970452030899	0.648672791994725	105
0.01352040974129	0.720636661147514	182
0.0993157001781999	2.16298800681163	48
0.0594625789902199	1.65109098528934	45
0.0791950332982501	0.805041971292278	45
0.0696021562503799	0.818108857318529	148
-0.0804076341463	0.619725960852029	105
0.00486632818298993	1.09891654679329	105
0.0649213531878201	0.366013242313841	105
-0.0807580148029301	1.86815911194431	48
0.0294160435628501	1.296067647576	139
-0.0570086998661099	0.984151629217144	224
0.0697215137748901	0.804700653960898	148
0.06371378255806	0.365486859694336	148
0.00776222799688009	0.72562444166158	937
0.10045444270189	2.3787537239029	730
0.0393869853170901	1.98226585590581	730
0.0830756341707899	1.38372922639899	48
0.0971136309032301	1.39598902374521	139
-0.11395540712856	1.59917827694033	139
0.0760045118162001	0.838848129149383	224
0.0178902449220899	0.725221724298857	148
-0.0864254864284899	0.650311447071002	105
0.0893428305675099	1.17498500760978	531
-0.07600379260629	1.7071721284734	38
0.0913111697718201	1.18813304510044	730
-0.0873022500013001	1.18766826311161	431
-0.04995959436799	1.52032036831259	249
0.0689454451271301	0.35882420767056	139
0.05857736457345	0.363630628016552	384
0.05637240692086	0.359771639461713	148
0.01534296216898	0.71720878208982	550
0.06371378255806	0.365486859694336	150
-0.12032821135257	1.47785407388808	68
0.0649213531878201	0.366013242313841	68
-0.00191428909604996	1.08148749283695	550
0.10331911155038	1.20238273327247	1092
0.10336907017285	1.35115347319877	1092
0.05069702175309	1.14580893101219	25
0.0190597622383299	0.729474788266148	238
-0.0444448047105299	1.29438778070147	58
0.0703486302273	0.817780538367552	58
0.0956873121003099	2.05070919089268	265
-0.10017121035597	1.21464380326411	48
0.0791950332982501	0.805041971292278	249
0.0649213531878201	0.366013242313841	1469
-0.0826589087726299	0.627510745378477	229
0.06250526437043	0.357241273435082	550
-0.00924503306480995	1.54233886385955	1092
-0.0800155050234701	1.69543752507595	66
-0.05406113285971	1.51370660833054	38
0.04166061686031	1.77447991506971	1940
-0.0562333658346501	2.05400773548886	139
-0.0898676475348901	0.624287575881623	45
0.0677384598520501	0.358333818146475	1187
0.06371378255806	0.365486859694336	602
0.01132983497743	0.714820779974745	138
0.0748901881393	0.771515803242105	48
-0.0938811835384701	0.604429214955344	45
-0.0995598416535099	0.61145957329769	45
0.0649213531878201	0.366013242313841	138
-0.0592488651430301	1.019070833566	138
0.0738031435407101	0.836791151287019	48
0.00719749065977005	1.70579248646786	139
0.0681144083099801	0.809838546379593	45
-0.0666719580328099	0.972372295480768	138
0.1128387038841	0.919238107080195	138
-0.02245177217098	1.72769332849027	3
0.0649370986414901	2.11422152408992	1433
-0.0566010131903201	2.06004930206599	233
0.05796179985353	2.08108633808904	48
0.0452421880622	1.15043708781463	48
0.0792423334040999	0.827736543116742	428
-0.09707697292503	2.15335276503706	835
0.0947491086621799	1.15494492608267	45
-0.0612791315197001	1.01165402725024	45
-0.0873590445396499	0.634323024405924	908
-0.09370341732557	0.6085829712799	285
0.07727491746808	0.811296670075665	138
0.01341499695235	0.744826996199165	138
-0.10449919732332	1.24966061624211	138
-0.0875547177638101	0.647420603251021	2025
0.00793211010708994	1.07242221005932	2025
-0.0316583368718799	1.32864122197452	3
-0.00454767744402007	1.0615891129958	233
-0.04183406318538	1.31076236409338	233
0.11017285516879	0.905209755038429	233
0.00328214579825992	1.0842733656188	603
0.0181664177501999	0.718029581728891	125
-0.0886847402733499	0.639579212555867	48
-0.0688893229824401	0.990789290549725	428
0.04691519807609	1.08361043877881	835
0.0627192033825601	0.367551901599635	45
0.0649213531878201	0.366013242313841	205
-0.0326553957900699	1.32177864650198	138
0.0782793664756101	0.807803588114464	602
0.00867881140884008	1.45144804550304	931
-0.0104723460221099	1.53351710981071	265
-0.08057824722953	0.624998974683059	428
-0.0369433385358	2.39615986618065	139
0.00969181009315001	0.699959436604867	45
-0.0826589087726299	0.627510745378477	45
0.0677384598520501	0.358333818146475	43
0.0143786859215	0.741716305330817	138
0.10200057090323	1.43416185336791	138
-0.09765581222939	0.607057903612192	1687
-0.00628764393594006	1.50403159169734	3
-0.0417049691608	1.45576057401506	3
0.0301267838755199	1.55848508505222	233
0.0148078719615099	2.08203998311906	139
-0.0561266757608001	0.975257848944157	45
-0.0837857127847299	0.624894214702138	205
0.01692714604441	0.728211177169589	602
0.11665078865857	0.896795400887105	81
-0.10339011132102	1.24803297857805	930
0.0190597622383299	0.729474788266148	45
0.0627192033825601	0.367551901599635	794
0.01799381326407	0.730786595881373	677
0.0592523981530699	1.09576440712309	141
0.0207739348857801	1.38302140603516	3
0.00883383332922993	0.723638250215197	139
0.07620032351521	0.808759443983079	68
-0.0512160102615999	1.43675624368024	81
-0.09275127449708	0.607683668851465	930
0.0661279777208399	0.358110419410568	141
0.06364657029191	0.769352245952479	7
0.0936045846818401	1.23261424639436	45
-0.0934713518929899	0.636773325950582	205
-0.0852970452030899	0.648672791994725	602
0.0677384598520501	0.358333818146475	249
0.00883383332922993	0.723638250215197	68
0.11167350560044	0.859810749698421	45
0.0322232611128199	1.56568647424496	25
-0.00231502096560998	1.8355290202787	265
-0.00674676772558991	1.08994887224686	48
0.0692652630899999	0.819318125984552	249
-0.0841693930252601	0.641890859455137	50
0.05637240692086	0.359771639461713	43
0.06513376723204	0.36008034113476	232
0.06392695853498	0.368089065271185	232
0.10802396392027	0.92216066065889	875
-0.06568749271222	0.99683745288981	1000
0.0718732552106101	1.32476430448851	1000
0.12125090753442	1.85715371306149	48
-0.0506819265443701	0.929923520371929	139
0.0959691208975899	1.991665003716	139
0.0661279777208399	0.358110419410568	28
-0.00237140571780992	1.91749758279446	7
-0.12165964112623	1.55264061159699	741
-0.0371763512782599	1.30361350089973	1000
-0.0853565997463199	0.611102691202017	48
0.06371378255806	0.365486859694336	249
-0.09539437274576	0.607749271767023	139
0.10806922478712	0.909320745373189	139
0.0738031435407101	0.836791151287019	45
0.0661279777208399	0.358110419410568	45
0.0649213531878201	0.366013242313841	500
-0.0925181703298901	0.652786260842017	43
0.0522120513280799	0.349807002334119	43
0.0783835130134101	1.4052175518107	29
0.09765201195905	1.41733146842535	987
-0.0706122895383701	1.6854576633836	987
0.10884990388953	1.89470508154633	68
0.00387749377817004	1.05762044709554	1103
0.01692714604441	0.728211177169589	145
-0.0862303323262299	0.632763790355632	1185
0.0247794875740399	0.715695351864656	232
0.08962958258022	1.1842431563563	81
-0.0035569062882701	1.06573194601007	141
0.10247999066066	1.42087797494199	38
0.07859537502485	1.62022782603309	48
0.0857069636060499	1.85930551140684	68
-0.12251469114227	1.63450582819127	45
0.10970856808854	0.914898221177813	81
-0.10668263142316	1.26731129231111	48
-0.0841693930252601	0.641890859455137	28
-0.08491329597849	0.61773164788345	232
-0.06071607242031	1.49654173390737	730
0.07056390261583	0.820905801195071	81
-0.0633411615966399	0.982845460101253	68
0.08260098551764	0.815370580394007	137
0.06250526437043	0.357241273435082	418
-0.01010876009845	1.56968453749593	36
0.06250526437043	0.357241273435082	45
0.01132983497743	0.714820779974745	45
0.0658126854957299	1.06365952570638	591
-0.04612699221178	1.45785706060145	591
-0.05804132620161	0.974615593467615	543
0.00647390170252993	1.05189157194228	296
0.10690287601368	0.916363916474366	533
0.02061912099692	0.70615232326432	418
0.0673337709442301	0.825656055527256	296
0.00753318970187999	1.04510672519361	296
-0.0366490851702901	1.87941839593213	64
-0.000293081680680096	1.04325198030252	543
-0.0817039237491901	0.626530330329299	81
0.05857736457345	0.363630628016552	7
-0.10985516549204	1.24231334711461	38
0.12197131294635	1.45222848458457	957
0.0970153755599099	1.65014255008979	280
-0.12468335647693	1.97073783291674	897
0.01799381326407	0.730786595881373	418
0.12467374415976	1.40468455701158	7
-0.0948731237657601	1.25813113293577	1101
0.02002266935793	0.726465363121626	81
0.11073642806621	0.921957928392483	296
-0.04637174118586	0.910344785168992	342
-0.00334636507526009	1.54138368143466	64
0.04968075090606	1.13788904234209	304
0.0562027864613299	0.772430280956534	1101
-0.09138883441868	0.653366143293832	1463
0.0297863911807199	1.25674980865242	7
0.00000766747186009553	1.05809972151653	2251
0.0632351303947001	1.61588257086605	48
0.0681811242588899	0.816244864871567	159
-0.00829989286520005	1.05715005825242	159
0.0124518950513199	0.724482517189884	2264
-0.0828303778100901	0.62392217617534	1101
0.0670962127495101	0.80837675040575	1130
0.0794218290939299	0.805432171510488	296
0.07488135944243	0.833263290499063	159
0.0619492091848901	0.785024359656911	159
0.12089304878953	0.908143363628729	159
0.0329746877646	2.20723773885885	331
0.07395708768833	1.80676804332292	280
0.0885253845217799	1.72120115527632	300
-0.0602969091877099	1.01547144023196	296
0.01234585892309	0.744154848889422	296
-0.0832362261113	0.621636981787244	559
0.01352040974129	0.720636661147514	527
-0.09138883441868	0.653366143293832	7
0.0390922595782	1.54810441963479	48
-0.0634657567550201	0.996645413919422	527
0.0820959361173901	1.96648588338894	100
0.0794218290939299	0.805432171510488	36
0.11708689874859	0.934058493834424	300
0.06250526437043	0.357241273435082	2311
0.0992548027836	1.15331256091936	296
0.05301921154875	1.87163028834105	64
-0.10671548071013	1.25586533866847	527
-0.0132899968425699	1.52065283741367	209
0.06275443971211	1.3148366282313	48
-0.0841693930252601	0.641890859455137	146
0.0758451191342699	0.82377356883429	300
0.06371378255806	0.365486859694336	296
0.0677384598520501	0.358333818146475	296
0.0792423334040999	0.827736543116742	83
-0.0886847402733499	0.639579212555867	1141
0.0190597622383299	0.729474788266148	296
0.07090636198351	1.35196223360759	7
0.01833457692264	2.29978031540421	38
0.06586818030736	1.09053325619008	704
0.0238163499744899	0.702164293960006	296
-0.0864254864284899	0.650311447071002	7
0.12178112315717	1.45824633925453	76
0.12405930847064	0.885507219125725	100
0.0987101397832899	1.20639873249432	100
0.1084634321936	0.923471282484516	100
0.06392695853498	0.368089065271185	36
0.080269342801	0.803987462851137	83
0.01027195601719	1.74946176189513	588
0.0254808650685601	1.35525666223252	152
-0.1012996066121	1.25666549456963	1919
0.0716444160988601	0.830735136360868	36
0.01544700463571	0.73765053032071	296
0.06371378255806	0.365486859694336	1191
0.00695140328095989	1.09189296606068	7
-0.0952158098260201	0.613464325635611	83
-0.0611106137056701	1.46810115819478	76
-0.10664941335578	1.25745572803962	64
-0.00796286642773003	2.05217234263727	64
-0.0891325061481001	0.632296196338389	36
-0.11340113600832	1.43191555416969	36
-0.10777416477276	1.23742203961139	300
0.0779628696343999	0.78514376365524	1141
0.0597876717155501	0.357884954661445	296
0.06371378255806	0.365486859694336	7
0.10947595400452	0.896772423861019	301
-0.08153288290493	0.625976399479422	36
0.0627192033825601	0.367551901599635	396
0.0739616860086401	0.813419450855727	83
-0.0837857127847299	0.624894214702138	83
-0.0696572037427601	1.64219324942621	1459
-0.08510240963353	0.626386332888118	711
-0.0984280159103601	0.614797589686051	301
-0.11633416536446	1.21956189452925	248
0.01936220018396	1.34475824162807	76
-0.0113071977627499	1.06607964673717	64
0.0689454451271301	0.35882420767056	1939
0.08033348090924	0.804744294428576	341
0.0689454451271301	0.35882420767056	296
-0.08436229414386	0.627910744484893	396
0.01992040711534	0.704217399182238	83
-0.0783292226794501	0.60336560756569	301
-0.1060489676544	1.42154424742927	1459
0.1186782678748	2.38609959567456	48
0.02061912099692	0.70615232326432	249
-0.0826589087726299	0.627510745378477	976
0.00240130627886992	1.84224249475611	744
0.0587943469187899	0.359833207063436	270
0.0649213531878201	0.366013242313841	396
0.0214795693416101	0.696707392829849	83
0.1245706985876	1.22297693169081	248
0.02019769064455	0.722744875708301	704
0.11391287529452	0.932869046857235	1141
0.06371378255806	0.365486859694336	270
0.06250526437043	0.357241273435082	396
0.06392695853498	0.368089065271185	83
0.04865840339248	1.13331904507693	76
-0.0458471417636701	1.83692224266517	146
-0.00559536806612004	1.07313124550368	711
0.00951372725311006	1.02792707681436	1907
0.11704247521713	0.926853233400044	1760
-0.06563294137707	1.011084997201	744
-0.0946018232990999	0.630915215318739	91
-0.05485571141432	0.973593076245935	91
0.0677384598520501	0.358333818146475	276
-0.00757179937596009	2.20230620670907	65
-0.12143240718279	1.82361873117909	248
-0.07238780482795	1.85442510503184	64
-0.0631938546544399	1.69111582458591	146
-0.0138721861593001	1.66447798641964	711
0.00059650635033992	1.50528159753227	711
-0.0516563676886299	1.49293283683325	618
-0.08606224654424	1.82461126724463	36
0.1105709405672	0.904104423992449	744
-0.0540382796460599	0.980407377361223	49
0.01634410104066	1.36470262677085	640
0.05544017058421	1.10771807406361	146
-0.0570855068160301	1.02166329117968	618
0.04654511456644	1.10522002519915	36
0.01234585892309	0.744154848889422	300
-0.08436229414386	0.627910744484893	1141
-0.10776140675048	1.25674576155431	711
0.11386681147352	0.930696548015865	618
0.0627192033825601	0.367551901599635	114
-0.0864254864284899	0.650311447071002	1141
-0.0533976975700501	1.49836108984064	711
-0.0915649056794601	0.631896635544838	49
0.0106788711972201	1.05073009877713	2007
0.0209431937545499	1.70051160095611	293
0.0476012963676999	1.79040408670423	48
-0.05821839592252	0.93407624843516	36
-0.0854891407323799	0.629449105051963	36
0.06371378255806	0.365486859694336	770
-0.05602923492611	0.987699013948885	91
-0.09121275758678	0.632362275130386	83
0.0661279777208399	0.358110419410568	194
0.11337469275278	1.97782765414566	76
0.0508550445636	1.14638953114867	48
0.11111590572531	0.872826156700222	230
-0.03910332675871	1.32129702811329	75
0.10632413875242	0.89244980454501	36
0.0495982237429999	1.14522940406693	2267
0.0133096461181901	0.741054728539672	49
-0.0537803221384601	0.96116770966277	194
0.0509893836394	1.13153975563705	836
0.0627192033825601	0.367551901599635	133
0.0704644745956	0.820405728141652	568
0.0199605263998099	1.3669435605128	76
0.0685211125484899	0.802780131393205	501
0.0835618720414299	0.812564183580399	49
-0.0866167669152	0.626819633241606	517
0.08680209532215	1.2033488859757	2235
-0.0893077201458501	0.627547309569436	133
0.0253109042814199	0.635191515572475	83
-0.0633411615966399	0.982845460101253	83
0.12171272004249	1.44340613300064	936
-0.0195062705961699	1.8823574583847	76
0.0332459891924399	1.88561029638845	48
-0.0852970452030899	0.648672791994725	48
0.06653052821381	0.350478620914704	49
0.05637240692086	0.359771639461713	374
-0.0862303323262299	0.632763790355632	133
-0.0952158098260201	0.613464325635611	83
-0.0873590445396499	0.634323024405924	9
-0.11765387354241	1.46294917904198	331
0.12089304878953	0.908143363628729	65
0.04202024133552	1.50718375048254	165
0.0884055879052199	1.1635832277415	48
0.11566466097645	0.888579895382171	48
0.0143786859215	0.741716305330817	981
-0.0620587647622599	1.51190305020626	75
0.01895681618309	0.727769478149012	618
0.0602862110915801	1.13623272705267	477
0.0190597622383299	0.729474788266148	194
0.00274739478304009	1.06841163487245	1630
0.0123171617170901	1.36178892404829	1156
-0.04970222306185	0.945734193390848	1467
-0.0354816786224501	1.33643582349739	36
-0.0934713518929899	0.636773325950582	49
0.11767698864182	0.899695473402722	1842
0.0201249938663299	0.724029371808927	133
0.10479539589053	0.912173798191999	133
-0.0817039237491901	0.626530330329299	636
-0.0702449255533699	1.58666589442805	48
0.0684166672803499	0.824101512568041	158
0.01544700463571	0.73765053032071	954
0.0677384598520501	0.358333818146475	1842
-0.10237675742939	1.26194282711089	1842
0.06250526437043	0.357241273435082	385
-0.0925739313682701	0.606004077706347	1127
0.0190597622383299	0.729474788266148	1127
0.06653052821381	0.350478620914704	636
0.0527278066504	1.14888061824001	194
0.0693821132282599	0.826993526238017	75
0.01553617497289	1.3314918945728	2024
0.01692714604441	0.728211177169589	311
0.02067216334717	0.686115941987578	49
-0.0900846325993301	0.617489578258035	133
0.0649213531878201	0.366013242313841	255
0.06371378255806	0.365486859694336	2256
0.07608402091803	0.805224494890839	131
0.0661097044188299	1.60841148703851	75
-0.0906462828274199	1.14420524575445	293
0.0133096461181901	0.741054728539672	953
-0.0612464338826599	0.977830939380152	1
0.0575838528766699	0.365653835577198	414
-0.09860786545531	0.625687208258276	593
-0.09026028003872	0.648129365067917	647
0.0124518950513199	0.724482517189884	1
-0.06669032712566	0.965902714119881	1
0.01132983497743	0.714820779974745	49
-0.09652470085178	0.610335481553207	1517
0.11887737003297	0.86377677543395	48
0.0191303049299301	0.732292234618073	36
0.05857736457345	0.363630628016552	566
-0.08891355162017	0.623336106659088	1458
0.11292954051816	0.905558719586805	1266
0.04976389718868	1.11627628123764	48
0.01992040711534	0.704217399182238	1190
-0.0592758739967001	0.999351027655583	133
0.06513376723204	0.36008034113476	1555
0.0649213531878201	0.366013242313841	239
0.06513376723204	0.36008034113476	647
-0.09281149685333	2.04870965214794	424
0.0121313536438199	2.08375797939731	430
-0.10658233352099	2.20087787866645	834
0.01692714604441	0.728211177169589	1
0.0661279777208399	0.358110419410568	75
-0.0957372210219201	1.16701541855565	1
0.00969181009315001	0.699959436604867	277
0.01341499695235	0.744826996199165	133
0.0649213531878201	0.366013242313841	566
-0.0849115776310401	1.62949800891232	248
0.0982191098151399	1.2294240400473	52
-0.0314981746682299	1.32294994310723	834
0.11031731022773	2.22470711441425	165
0.0661279777208399	0.358110419410568	1
-0.08873871588771	0.630014345471144	474
0.0587943469187899	0.359833207063436	647
0.11494086896728	0.936125318787046	2159
-0.07204820290923	0.98912233563475	1
0.00274739478304009	1.06841163487245	1
0.07607233562827	0.807997138901684	2271
0.0435771062469801	1.12606593917585	195
-0.0866167669152	0.626819633241606	1
0.0159646351037099	0.708933112742469	2221
-0.0407200860316901	2.44526327624173	76
-0.10452947022745	0.584181894699011	195
0.01378057719102	0.999046950596308	1109
0.0673337709442301	0.825656055527256	1118
0.01895681618309	0.727769478149012	1118
0.06392695853498	0.368089065271185	22
-0.0752845178398001	0.956896578761898	82
0.1052043579172	0.864812334297461	1825
-0.00254994159426003	1.51653307556877	52
-0.0352057879066701	1.31488749635356	834
0.11874246640038	0.87830485248608	165
0.02067216334717	0.686115941987578	494
-0.0852970452030899	0.648672791994725	1
0.0835618720414299	0.812564183580399	1118
0.06653052821381	0.350478620914704	4
0.0950656868319699	1.21753489229224	117
0.0992246845368401	1.16486589045115	47
-0.0866167669152	0.626819633241606	2314
0.05857736457345	0.363630628016552	1667
0.0831680700172199	1.4345727292262	133
-0.0875547177638101	0.647420603251021	381
0.0573661058825099	0.357830382295196	4
-0.0837857127847299	0.624894214702138	1491
-0.06779585734103	0.972477152022561	110
-0.00669333104403003	1.06460331368733	494
-0.09269467087206	0.626145743450572	1
-0.09269467087206	0.626145743450572	133
0.0804499624755399	0.813837986007546	381
-0.09974011914112	0.612251778010224	726
0.06392695853498	0.368089065271185	726
0.06392695853498	0.368089065271185	236
-0.0844039185368499	0.610181412213529	110
0.11337693170965	0.847994574694972	1
0.0627192033825601	0.367551901599635	1
0.06371378255806	0.365486859694336	1372
0.0649213531878201	0.366013242313841	235
0.10376986312676	1.61617054762141	1
0.06392695853498	0.368089065271185	381
0.0301243529928701	1.53656915996566	15
0.0220838412986899	1.30062829891106	1342
0.0705801507981601	0.805004812007265	381
0.0597876717155501	0.357884954661445	4
0.02002266935793	0.726465363121626	303
-0.08153288290493	0.625976399479422	1
-0.09026028003872	0.648129365067917	1943
0.0976136958596701	1.19705708149532	1342
0.0579426799823299	1.1375485306735	120
-0.09026028003872	0.648129365067917	1227
0.00585675905313998	1.09620522306231	133
0.01692714604441	0.728211177169589	381
-0.09808902178816	1.22392027219431	381
0.0033294326648301	1.05755459857227	82
0.01799381326407	0.730786595881373	422
0.0253436082904901	1.3599952657122	131
0.03145672708962	1.88524362377874	413
0.04992568703557	1.14756997496854	110
-0.0750202788673	1.72240642761978	1
0.02584119500046	1.30645481732672	53
0.09020111075453	1.43439312351862	165
0.0199605263998099	1.3669435605128	47
-0.0561266757608001	0.975257848944157	75
-0.0377422305470201	1.39602965799819	278
0.10847480812729	0.868191959165774	133
-0.0497714136779499	0.95696869451351	381
0.0782344445051599	0.81406206357249	381
-0.09729697467294	0.612175222218382	4
-0.09138883441868	0.653366143293832	82
0.06371378255806	0.365486859694336	82
-0.0580243887316001	1.49010530044228	110
0.0811714519489699	0.800756262525499	604
0.0827633401254799	1.62861825511173	886
0.0661279777208399	0.358110419410568	4
-0.00510404550029997	1.09266881678371	2294
0.04197310761174	1.09787020159502	422
0.06392695853498	0.368089065271185	442
0.08644076360415	1.2007498037282	165
0.00483093761961007	1.10881669190069	47
0.04653442256333	1.16452135605505	1294
-0.000329970399800095	1.08130544700933	1294
0.06371378255806	0.365486859694336	188
-0.0995598416535099	0.61145957329769	442
-0.0934713518929899	0.636773325950582	569
0.06759545886755	1.33794718200963	714
0.11708440320162	0.883077178047989	1
0.11878729639626	0.887193750561615	413
-0.0862303323262299	0.632763790355632	1294
0.06250526437043	0.357241273435082	82
0.10591853929742	0.916291410510873	88
0.07488135944243	0.833263290499063	52
-0.08057824722953	0.624998974683059	404
-0.0946018232990999	0.630915215318739	404
0.0144834137293299	0.740727860846327	413
0.00483093761961007	1.10881669190069	1294
0.0597876717155501	0.357884954661445	188
-0.04001072279554	1.31550634215983	82
0.1168301158098	1.48557232493648	165
0.07470372142303	0.820674020398815	110
-0.0550220402678201	1.01155189143896	422
0.09472608182863	1.63360641621118	47
-0.0274287913731801	1.29940569568111	1
0.08260098551764	0.815370580394007	54
0.0144834137293299	0.740727860846327	54
0.1128387038841	0.919238107080195	1
-0.09364981454661	1.18644728126595	1
-0.11996285834579	1.36231388974742	35
0.06371378255806	0.365486859694336	393
0.0760045118162001	0.838848129149383	1
0.11510917522854	1.68016540596323	366
0.00746545360129991	1.07465865600808	425
-0.09806996452807	1.27678291628686	364
0.06371378255806	0.365486859694336	96
0.0824865029498101	0.813636351199932	96
0.03139604847414	2.16780617850848	35
0.0649213531878201	0.366013242313841	82
-0.09904548997217	1.26115796575262	425
0.0000969189387400871	1.11319821799224	96
0.1099090104952	1.88568866586161	61
0.06250526437043	0.357241273435082	393
0.0133096461181901	0.741054728539672	82
0.0969999426755499	1.21458244422288	54
-0.0671448782044399	1.67744838673698	110
0.0672150783771299	0.825385897548651	506
0.06331064455312	1.95777620050509	506
0.04841866189691	1.10071216981133	1
-0.0925739313682701	0.606004077706347	31
0.0677384598520501	0.358333818146475	5
0.03233102855727	2.23799814464891	65
0.0713313524128401	0.794318346844836	538
0.0692029818129301	0.805308334532475	425
0.0190597622383299	0.729474788266148	31
-0.0828303778100901	0.62392217617534	31
0.0227513240865	0.707257412367842	538
-0.0855301590611599	0.624718680188598	404
-0.0963457118450699	0.626495835411363	31
0.02623441512641	0.671786612428599	404
0.0793085166943099	0.812993813570599	278
0.0201249938663299	0.724029371808927	31
0.06371378255806	0.365486859694336	31
0.0649213531878201	0.366013242313841	393
-0.0877451737325701	0.619625774299992	829
0.0238028115695501	1.26993329650748	404
-0.0655340297940601	1.00310375776586	31
0.0575838528766699	0.365653835577198	489
0.0803529451578699	0.78580518498171	110
0.1199072926257	1.65886919343625	15
-0.05398615407083	0.973911032814448	425
-0.0862303323262299	0.632763790355632	404
0.11815887264121	0.92627892255091	263
0.0627192033825601	0.367551901599635	31
-0.08153288290493	0.625976399479422	823
0.0935326299152199	1.18398918218358	31
-0.0854891407323799	0.629449105051963	31
0.0689454451271301	0.35882420767056	1539
-0.08057824722953	0.624998974683059	662
0.00483093761961007	1.10881669190069	432
0.06371378255806	0.365486859694336	41
0.0824865029498101	0.813636351199932	117
-0.05705886540854	0.978059791807881	441
0.0661279777208399	0.358110419410568	1
0.1225996907799	1.65104275179982	41
0.0661279777208399	0.358110419410568	1153
0.00506937716139011	1.43634556081015	425
0.08675505760498	1.80585880836779	61
0.10564942887785	1.17048729551381	31
-0.09121275758678	0.632362275130386	1153
-0.0984280159103601	0.614797589686051	2118
0.0760045118162001	0.838848129149383	837
-0.0344849676346	1.34117067949469	1938
0.10904755519578	0.931027390011416	253
-0.0464787262553901	1.4992465195856	61
0.06392695853498	0.368089065271185	290
0.11964498800661	1.70667563534843	47
0.0191303049299301	0.732292234618073	1
0.11347176283061	0.887150647915124	134
0.0587943469187899	0.359833207063436	290
-0.0841693930252601	0.641890859455137	290
0.06259621413093	0.356618470704929	1
0.02471048265944	1.34012622812216	1535
-0.00968968490326994	1.49185342394958	165
0.0921470568567599	0.715452721871343	1535
0.0234423190932001	1.36954303277597	31
0.0715987583948401	1.38242285376862	432
0.06392695853498	0.368089065271185	1
0.0124518950513199	0.724482517189884	1535
-0.03014815800447	1.25591432458896	362
0.1101420957883	1.89771516447833	579
0.09644037254673	1.19450105234093	507
0.0955622729297301	1.16366661950175	142
0.10103087025037	1.20967609925798	784
0.06151050031284	0.359189867117054	2199
0.0467107930806801	1.1553394077094	72
0.10985232195668	2.20348291595965	454
0.11601272126365	0.894912295156071	71
-0.0841693930252601	0.641890859455137	1
-0.0772052060294699	1.70080451196234	1
0.0694987935721501	0.817575756848835	1
0.10441502958891	1.19767970655712	88
-0.09539437274576	0.607749271767023	883
-0.0602969091877099	1.01547144023196	784
-0.0862303323262299	0.632763790355632	1
0.0587943469187899	0.359833207063436	583
0.06392695853498	0.368089065271185	583
-0.03181283458101	1.24830033299352	72
0.10065061992145	1.19213687669865	61
-0.0579873056853399	0.956022384570546	142
-0.11128728078128	1.48164294928841	47
-0.06461032482954	1.68373675115478	162
0.0169933737111601	0.735667590362337	162
0.01234585892309	0.744154848889422	41
0.0575838528766699	0.365653835577198	643
0.12161130281381	1.43748378972932	54
-0.06437934384888	1.6167726390297	1
0.05890389910072	2.3393639017853	1
-0.06351488596007	1.01631586455445	31
0.01895681618309	0.727769478149012	41
0.10699423080798	0.915098268780753	264
0.05895386824748	2.13725341382856	234
-0.0601991222289799	1.00539180173141	47
0.072840686435	0.83380937400454	162
0.0143786859215	0.741716305330817	162
0.0226489109144601	0.722324842269293	253
0.10381247307994	0.886568343315546	31
0.0522120513280799	0.349807002334119	186
0.0518802770709601	1.1077533947979	186
0.01086901116591	0.713112711110008	42
-0.0852970452030899	0.648672791994725	173
0.05164367955747	1.06300288442292	165
-0.06039473273369	1.00458613366	1
0.0037340045110299	1.09323447035259	121
0.06259621413093	0.356618470704929	31
0.0627192033825601	0.367551901599635	186
-0.09138883441868	0.653366143293832	960
0.0857103311787499	0.798612601246517	482
0.00425883380679992	1.0735790748065	482
-0.103396302628	0.584400201352041	512
0.06371378255806	0.365486859694336	31
-0.0896188417839701	0.624316189631974	186
0.0179700841575201	1.37312700552844	54
-0.0513936786256499	1.47660265357938	432
0.05326933021915	1.17841847645806	46
-0.0593138222038201	1.00339683117811	459
0.05121942421274	0.351630925074704	186
0.06371378255806	0.365486859694336	659
0.07488135944243	0.833263290499063	42
0.06513376723204	0.36008034113476	818
0.0221522250429	0.710658261606334	118
0.0649213531878201	0.366013242313841	118
0.01916276988814	0.704941360174852	659
0.000796823747329922	1.54271028096469	129
0.0928560668171301	1.21354262722372	2089
-0.10017121035597	1.21464380326411	1027
-0.05208642360338	1.4297663993465	197
0.06151050031284	0.359189867117054	186
-0.0804076341463	0.619725960852029	118
-0.0852970452030899	0.648672791994725	46
0.0613855497762299	0.35109306267841	1573
0.0836753570583999	0.810469571974507	960
-0.0549671052863701	0.986549268772056	558
-0.079453347217	0.618764408742164	558
-0.09729697467294	0.612175222218382	558
0.03091803276278	1.57331023894818	142
0.11240929235626	1.12911032380557	72
-0.0412943315522101	1.97354930425559	121
0.0791950332982501	0.805041971292278	35
0.00172115742129009	1.08558712611167	1665
0.000731609953759982	1.07582585919963	717
0.0973806504655099	1.21984403276347	142
0.11292954051816	0.905558719586805	142
-0.0484608053639799	1.46054284738851	142
-0.0959330156479099	1.21391078632523	555
0.10842014563766	0.91759767979429	151
-0.0376084829350301	2.26231375701069	558
0.09091168367772	1.45734603604273	142
0.0848884946569399	1.74560092661636	42
0.00384284870134	1.06952225215501	59
0.11008480150087	0.904391915508962	151
0.08680209532215	1.2033488859757	557
-0.00706726088547005	1.9187464372426	102
0.07174454355847	1.37291480969118	72
0.03044347597756	1.30701659425709	35
-0.11498550590532	1.43914479529343	35
0.04764331490934	1.14110893740079	31
0.11566466097645	0.888579895382171	558
0.09029830946002	1.59526180418338	558
0.1097177699419	1.08290210977698	118
-0.0829913462287999	1.83657342309638	118
-0.12240561750795	1.61751329076208	900
-0.0485093207512699	1.48470689243117	558
-0.0645489760328299	1.0068458298863	558
-0.03650407528092	1.30500203561219	118
0.0738031435407101	0.836791151287019	118
-0.08510240963353	0.626386332888118	900
0.0792423334040999	0.827736543116742	31
0.07925582603114	0.79438682504744	30
0.06127869142234	1.10956587290594	1292
-0.06014308126965	0.950231379763767	558
0.0414958008872199	2.04665932102669	129
0.0768168181614	1.53515097770439	536
0.07150560121524	1.61299131970406	555
-0.08510240963353	0.626386332888118	118
-0.0852970452030899	0.648672791994725	900
-0.11090876393269	1.26299566554789	31
0.11171904828362	0.899174441512532	31
-0.00552819134242011	1.0354028983333	31
-0.05485571141432	0.973593076245935	1117
0.0638059281499901	0.351124332740584	1292
0.095564359026	1.82058084632863	557
-0.00859059227885006	1.5258972544472	118
0.0419886321392799	1.13990374463608	118
0.10006405978493	1.62068252644203	900
0.02108780534545	0.721065132752606	121
-0.0832362261113	0.621636981787244	31
-0.0601991222289799	1.00539180173141	31
0.0468789768401301	1.12921516780073	31
0.0685341821158501	0.795162621357359	1239
-0.000366686657510051	1.09093684887806	42
0.10905415419155	0.918438842524344	118
-0.0532483280476199	1.85324865724601	558
-0.0844324123435201	1.83854946308248	118
0.05652721390266	1.14994996544876	118
0.0587943469187899	0.359833207063436	191
0.0714504459716001	0.825681922403956	35
-0.0852970452030899	0.648672791994725	1239
-0.01994334898872	1.67080724538871	121
0.0661279777208399	0.358110419410568	1237
0.00485324755745009	1.87082511370891	118
0.10098078753077	0.891989503926835	35
0.0435633101669599	1.80029180054457	558
0.01799381326407	0.730786595881373	1237
0.11605167078214	1.86067705089941	462
0.05305313115863	1.11569809022271	462
-0.0756392265800101	2.12453962236743	142
-0.0570855068160301	1.02166329117968	1937
0.0753827494047199	1.59274939729811	42
0.05399559012856	1.07382492368507	121
-0.1000901621783	1.24892075145676	309
-0.12130952366297	1.47554554885729	691
-0.09747639670571	0.629261230109638	1403
-0.09265361653199	1.23603135953198	1403
-0.0602969091877099	1.01547144023196	557
0.01916276988814	0.704941360174852	121
0.0357041984129201	1.54180771784478	31
0.10551127778994	1.17934958162399	44
-0.0990796318176901	1.28310188382185	35
-0.0922567469620099	2.18086745051315	309
-0.0963457118450699	0.626495835411363	44
-0.08436229414386	0.627910744484893	121
0.01341499695235	0.744826996199165	44
0.06625010358482	0.822523561156231	59
0.12089304878953	0.908143363628729	462
0.03106332696005	1.93945648468993	42
0.10200270300162	1.13086814936827	462
-0.0498028671172599	1.51406479864931	42
-0.00037486198841008	1.87779452164569	27
-0.0915649056794601	0.631896635544838	690
-0.0900846325993301	0.617489578258035	44
-0.01762899043864	1.53004293443382	33
0.10797128505873	0.922838966639575	282
-0.00245521375000002	1.07818750083212	201
-0.0984280159103601	0.614797589686051	557
0.0738031435407101	0.836791151287019	876
0.06392695853498	0.368089065271185	44
0.0899710821338799	1.1961802872179	102
-0.0963457118450699	0.626495835411363	201
-0.0841693930252601	0.641890859455137	44
0.0649213531878201	0.366013242313841	44
0.0649213531878201	0.366013242313841	121
0.10639987770793	0.895866625299775	2181
0.0134087319523799	1.74420805323637	27
-0.11609812240718	1.48743708445307	222
-0.10131422882607	0.587133694810074	282
0.11334566674569	0.91574206994642	282
0.10529133288566	0.905932718350055	417
0.0145882039210501	0.711528431109958	557
-0.08891355162017	0.623336106659088	44
0.0305125655282401	1.92538275165175	33
0.00230839032262997	1.81974655134371	2181
-0.05170868052278	1.47979727123843	2181
-0.0306036796743701	1.28565285420996	20
-0.0725442766100699	1.65632578526866	589
0.05655954984578	1.10660577313447	44
0.06826008352222	1.39380548461196	14
-0.03883308898466	1.66786081256429	14
0.05840174632997	1.39100514498439	557
-0.09143682053866	1.15035876324882	44
0.07550716867438	2.18520670309393	42
0.0592660790269599	1.38454129940055	44
-0.03991502265307	1.31192410948707	922
0.0830694836072501	1.97144754870722	44
-0.0294189824946001	1.30028618883548	33
-0.04329136869724	1.32377991741248	42
-0.06987177846891	0.99138775526136	20
-0.06889653598335	1.69921668938635	1843
-0.00510404550029997	1.09266881678371	33
0.0791950332982501	0.805041971292278	44
-0.0561266757608001	0.975257848944157	33
-0.0549671052863701	0.986549268772056	44
0.0704843984828401	0.828500352878404	33
-0.06167862999042	1.682704344242	222
0.1164233681126	0.902392376920988	320
0.00384284870134	1.06952225215501	1843
0.0782344445051599	0.81406206357249	44
0.0750422552568899	0.818333442160651	33
0.0881714471219499	1.44517178794263	1903
0.12236549481872	1.64940511569561	743
0.05146597759126	1.08700419922694	320
0.10043522922551	1.16779638314023	320
-0.0371763512782599	1.30361350089973	161
0.11777053651082	0.882132471836802	161
0.05148073518442	1.10003930716464	33
-0.10121906859093	1.22670160307975	33
-0.0643529302935999	1.60369325259893	514
-0.0381095412869801	1.28366196748882	320
0.0794218290939299	0.805432171510488	305
-0.02987285204752	1.27410376428794	14
-0.11793290125112	1.51014268320038	259
-0.05805070639552	1.62308696937197	345
0.0431669946886899	2.05757546140263	20
0.11548132482209	1.87208482693103	161
0.09946694686617	1.1768646409114	161
0.0146862136105299	0.686020407905483	33
0.11148241340257	2.01343875691914	880
0.03806263582396	2.05050076614557	320
0.12144927097621	1.38393984023512	161
-0.0259499280759601	1.68830072934871	161
0.05896029383838	1.37506477628056	33
-0.0905926036087701	1.21456070149179	57
0.10123415035209	1.33549956525147	423
0.11244570489334	0.88077042780524	345
-0.0272470033505401	2.04382029719572	2074
0.0727886124902799	1.59726172818585	161
0.0169393330052601	1.33317949472063	345
0.01799381326407	0.730786595881373	514
0.07476666700172	0.827220712145954	14
0.09215379124268	1.19602530018262	118
0.0929097340681899	1.63803884556446	2074
-0.10360850963097	2.14330041066563	345
0.0713055290332401	1.78391254659056	423
0.09774957874061	1.20581921065553	20
0.0495163139844399	1.13631945811449	2229
-0.0521422727360501	2.16023531384869	2229
0.05579907955012	1.38868214592139	118
0.10953155219698	1.66155089769573	33
0.01806219958653	0.73631284645369	118
0.10373871303673	1.96783701217178	161
0.0964887096356	1.44070444690193	118
0.06722372752482	1.83491988799789	630
0.09009972680706	1.43065068927117	161
0.12088382214764	0.866111313846864	210
-0.0561026844519501	1.01794657317189	921
0.1079575622635	1.4430926738856	118
0.0692652630899999	0.819318125984552	630
0.10840235500347	1.16610468643386	1249
0.11279350991953	0.904072857308777	108
0.0409734213325501	1.14380306604245	108
-0.10121581215326	1.23905793717493	561
-0.0852970452030899	0.648672791994725	1017
-0.0186369462406999	2.09344952827179	118
0.04772662780655	1.15691650053149	652
0.0133096461181901	0.741054728539672	161
0.11008480150087	0.904391915508962	14
0.0738031435407101	0.836791151287019	1277
0.05854884768973	1.12864617684952	102
0.0313606855660999	1.49606347744213	19
0.0738659298786699	1.80395362196437	620
0.10296287329065	1.20469747662507	360
-0.07421572647147	2.38070897058299	1277
-0.10560353531183	1.26204195803894	19
0.10490360032782	1.15568371861645	620
-0.10133212015095	1.25870881585581	620
-0.1155770660125	1.54839160599465	620
0.11354754037975	1.82278913309819	175
0.0715530699704601	1.50789912727241	595
0.11930029903451	1.46371676557823	620
-0.00351830593165992	1.09186282828047	595
0.11494034560561	0.90207123923845	1277
0.10591853929742	0.916291410510873	98
0.0737369661921099	0.823467773628994	620
0.09427353213676	1.41404313793897	19
0.09997834960442	1.14735595854517	2279
-0.00782878602438997	2.20281285672588	80
0.0759014900033099	0.784989397736743	458
0.0146490628218701	0.677763951094617	1795
0.11893663959154	1.66520507764061	19
0.10806922478712	0.909320745373189	1795
0.10091463697411	1.38488628244586	2279
0.0106433929165699	1.75983626552671	84
0.0676499384438301	1.04320510646578	34
0.0419627276327801	1.56427597591342	360
0.0217243469030699	1.37772111902629	565
0.1141255826846	2.13984092911679	360
-0.00142941724495005	1.08720095790796	19
-0.0916221466160001	0.605110241062506	1055
0.0668139519692701	1.5472558393488	175
0.0910206805895799	1.60979997455766	98
0.06238304335232	1.39786567939535	12
-0.12380824780849	1.45589844283349	2279
0.07727491746808	0.811296670075665	80
0.12236893330536	1.83440770855252	80
0.07804810624639	0.836765526679271	974
0.08875263835877	1.78170044069903	80
0.06322769570448	1.37867283892081	107
0.06392695853498	0.368089065271185	107
0.10511065345155	2.17118850596245	1115
-0.0584233871750299	2.3187490754271	1115
0.0303388519429699	1.60039715684584	1133
-0.0344849676346	1.34117067949469	999
-0.00344597348791997	1.51242370865243	1139
-0.0547118306088901	1.52205156954699	107
0.10484214944765	0.913066821827717	107
-0.08236562463964	1.81838940969306	19
0.05216832925263	1.18320543307843	80
0.00713640714070007	1.48945139038383	170
-0.11259154209582	1.47104279741603	1139
0.0434950660339899	1.10127046445483	1072
0.0512867157860499	1.58272560574136	175
0.0485815320596401	1.13733562056947	19
0.07236008260075	1.36479901617463	34
-0.0511285166745701	1.51254753488106	12
-0.09806996452807	1.27678291628686	107
-0.0549685744045201	0.956959457359904	12
0.0486998907858001	1.99368652000014	999
-0.0076221445784701	1.48669166135097	12
0.12398124160907	1.45090163916187	763
-0.0776946255398001	1.66167074427926	763
0.12185845465865	1.22628998087751	2261
0.07936509219699	1.30296455923668	1074
-0.11422684688501	1.4983477713597	1956
-0.10465860224746	1.18143478663132	107
0.0555449589638899	1.11279160632366	1262
-0.00301193604521011	1.08966279301986	1262
0.0170982140893401	0.721869460784126	107
0.0981128184887901	1.65691556802317	1800
0.0513343589781901	1.74220843478992	19
0.1161045128267	0.898153286170221	828
0.11427497297456	0.90042959103345	1262
0.0883759920311	1.18891606798906	170
0.0282138311561599	1.91541878675374	34
0.1111591939758	0.898737211408295	170
0.0649213531878201	0.366013242313841	394
0.06931122407589	1.56044456898133	828
0.0927821449280499	1.20638914004495	394
0.01163226612288	1.75528570570019	338
0.0845668227866001	1.63441703015506	12
0.11445134442692	1.65427759843029	170
0.10648533420285	1.41330394446647	19
0.0541527156065	1.07432765308694	12
0.06723506083265	1.61533936145767	551
-0.0522096337199001	1.46402281801795	19
0.00336702453314008	1.05066516314327	1054
-0.08510240963353	0.626386332888118	19
0.0943679928882399	1.41374825508843	288
-0.00510404550029997	1.09266881678371	676
-0.08902621640992	2.03910489743562	19
-0.07713567516931	1.79996951779838	676
0.00350163373532997	1.49460497123782	19
0.0335490392989399	1.53769410577316	394
-0.06422976828684	2.33912493777522	19
0.0825287563725701	1.53188997565576	639
0.0736314771408899	1.31829126116614	932
0.0727748337304901	1.32227750034327	19
0.0791950332982501	0.805041971292278	676
0.05140017811047	1.09727878240765	1318
-0.05314842930082	1.45983770883909	19
0.08866442429318	1.61082078208773	1125
0.0993946669091299	0.894344111310886	761
0.04280320149964	2.29021427764317	19
-0.09729697467294	0.612175222218382	944
-0.09555424167525	2.20056138191661	352
0.07699617068522	0.772572576780401	761
0.0627192033825601	0.367551901599635	352
-0.0873590445396499	0.634323024405924	353
0.06513376723204	0.36008034113476	223
-0.0657318837141201	0.998072101930197	19
-0.09283092406556	0.542031054756935	352
0.06371378255806	0.365486859694336	641
0.0726268901084399	0.782460012754026	89
0.0661279777208399	0.358110419410568	89
0.06835229003221	0.779222320388853	89
0.0810350976821701	1.32174060479834	84
0.06499681577926	1.3297354267791	394
0.0412115806451301	1.56411648042118	761
0.0144834137293299	0.740727860846327	357
0.0558296255898101	1.53766530454197	84
-0.05583448224567	0.946126435853078	112
0.0227513240865	0.707257412367842	223
0.0373153127733801	1.49548787216887	394
0.0147171151005601	1.32594020052365	112
-0.0750455354342401	1.90458751093259	12
-0.0936482888153101	0.646506257139742	112
0.072840686435	0.83380937400454	1618
0.00979823047162998	0.720766410257265	436
-0.0877849745659201	0.62904640772161	89
-0.06540029078141	1.65713583241422	352
0.0306232268867499	1.31246965993549	84
0.0773663507729401	1.54552760581368	639
-0.06151491605716	1.47945009142602	503
-0.0160956428300101	1.67950801738479	2
0.06077520192591	1.9481921481802	12
-0.0592488651430301	1.019070833566	12
-0.000193511459839923	1.53703945365027	2
0.0508550445636	1.14638953114867	2
0.0688467697308599	1.56527209483498	518
0.02150551365718	1.3624644395215	622
-0.0729985886392	1.45034204698944	503
0.00753911974057009	1.04025170313628	89
0.12024684078744	1.19397816282072	12
0.0927821449280499	1.20638914004495	518
0.05695157734884	1.10425018158983	63
-0.11444347500272	1.43352880348782	89
0.11918672282477	0.916116935845385	518
-0.00194888856330011	1.08605132121956	1746
0.0178902449220899	0.725221724298857	503
0.00802543468428008	1.8618197152782	674
0.0741357777980201	2.02306805206941	674
-0.05939381101819	1.52424163600279	250
0.07799973160263	0.801810178205995	2
0.11119800315932	0.933254157942658	2
0.06259621413093	0.356618470704929	437
-0.06163747529776	1.41940709271281	261
-0.0260241365787299	1.25665449875219	674
0.0114616146453399	1.81541221759129	674
-0.10205727255293	2.28596871992122	674
-0.06010137208899	0.964787973931706	621
-0.00587292043516996	1.49323558335392	2
0.0469661522887299	1.14729342382384	732
0.03255511525403	2.04339179597681	674
-0.000325407480229911	2.07783977834909	553
0.0207006323529799	1.29560068600603	2
0.0038415925220201	1.0678505091522	674
-0.0687519268332599	0.975075379764385	674
0.02254655547156	0.702761968065728	553
-0.0766900806948001	1.82130477092346	553
0.11061741251379	1.11397535399206	89
0.05081408659776	1.12673914620473	674
0.0372292567568799	1.53322838709134	553
-0.0582662015469799	1.01538277385844	51
-0.07323016816256	1.71984876246588	51
0.0675354961744901	2.35662993900365	168
0.0737865109621301	1.6085731128035	168
0.11442881114499	1.61865912652929	2
-0.0352409753452401	1.68604674014063	367
-0.00404011760324008	1.09413111542099	89
0.12234101920913	0.847209706190133	1002
0.0449365196137601	1.1543685807515	355
-0.0550220402678201	1.01155189143896	754
0.09200304048121	1.62749326055996	168
0.09472608182863	1.63360641621118	51
0.0910442665810301	1.16156651004174	51
0.0131084353453199	1.01430284986535	594
0.11110853337143	0.924054496763869	2
-0.0623300442446799	0.987615472968629	675
0.11347176283061	0.887150647915124	51
-0.103396302628	0.584400201352041	51
0.0227513240865	0.707257412367842	51
0.01544700463571	0.73765053032071	51
-0.0735868869640799	1.67991390078786	675
0.0727241627498001	0.835932386703304	1997
-0.01365971510083	1.51171504274724	884
0.01692714604441	0.728211177169589	1006
-0.00961898585696996	1.92222619401158	759
-0.00942964745907005	2.22328089528881	1123
0.01917856985496	0.662756349289559	2190
-0.0841693930252601	0.641890859455137	310
0.0789306299780199	0.769348780322944	310
0.11874246640038	0.87830485248608	199
0.04584098502686	1.78715937513974	693
-0.08512993923641	0.589418430901373	23
-0.07204820290923	0.98912233563475	62
-0.11882089128576	1.47058489036545	1124
0.00541893905190993	1.04168921939291	815
-0.0602969091877099	1.01547144023196	1124
0.0145882039210501	0.711528431109958	510
0.07015148549731	0.351276485811659	199
0.11288404775595	0.919924756321661	510
0.08164115563978	0.796102571961242	510
0.07499588217091	0.822085819175471	237
-0.0592758739967001	0.999351027655583	1921
0.0114370791113501	0.704416751475982	69
-0.03389510390215	1.26905131715843	69
0.1119027196466	0.879291940594524	62
-0.0497348106529301	1.27536634869427	895
-0.09121275758678	0.632362275130386	199
0.12433171980514	1.26609515285828	18
0.06513376723204	0.36008034113476	1485
-0.09138883441868	0.653366143293832	1151
0.0716880948787599	0.810231508852082	257
0.120486771361	2.48420592838334	211
0.0878276431682501	2.35911046897246	1070
0.00791657259534007	0.672007047085919	257
0.01347312700381	0.715894547526577	445
0.11568025593568	1.61824454787661	215
-0.06838193483564	2.37339822299594	215
-0.12217174647967	1.45669998738742	601
0.0247794875740399	0.715695351864656	445
0.10909351808799	0.909004209822699	227
-0.02915120446527	2.23589280394399	257
0.06229096487815	1.11092925954122	1383
0.00179251656775992	1.06542866994052	227
0.00541394167491993	1.05458308002046	215
0.08899219167763	0.764123506894878	18
-0.0900846325993301	0.617489578258035	254
-0.10593740775087	1.40440876201478	211
0.0201249938663299	0.724029371808927	187
0.0649020006119401	1.81879419499909	478
0.0170982140893401	0.721869460784126	269
0.00274739478304009	1.06841163487245	18
0.0226489109144601	0.722324842269293	211
-0.11824586991591	1.46187633053287	18
-0.0285552146303401	2.0067811854835	243
0.0792423334040999	0.827736543116742	243
-0.0969443732494	1.20033683794008	243
0.10430340296444	0.893561188013807	243
0.0531172167889	1.09209566051439	187
0.0641010974712599	1.08611116632992	187
-0.09138883441868	0.653366143293832	269
0.02584370183211	0.705419844828048	187
0.0690279982320501	1.60629745237331	211
0.07462775274186	0.741242580355837	269
0.09783350275824	1.19894421256954	211
-0.08436229414386	0.627910744484893	187
0.0078081985938101	0.689061432559896	480
-0.0561026844519501	1.01794657317189	211
0.06739437448007	1.35878801503109	979
-0.10354777814504	1.24729355394961	979
0.1021047027305	0.912419552087591	979
-0.0781398687567401	1.81482498265751	211
0.0704720383778401	1.35360425706882	69
0.0131314802162801	1.30138342415349	69
-0.0839752754002701	0.610627122431257	388
-0.10244012091114	1.20151124024329	388
-0.10671029774606	1.4443447546737	679
0.0789306299780199	0.769348780322944	729
0.00969181009315001	0.699959436604867	2133
0.06513376723204	0.36008034113476	388
0.06259621413093	0.356618470704929	1038
0.05637240692086	0.359771639461713	243
0.06371378255806	0.365486859694336	679
0.0737369661921099	0.823467773628994	211
0.0813164728039899	0.798993176835988	211
-0.06941957092707	2.45961967513103	935
-0.0864831930315799	0.62567738181996	211
-0.0830425288346801	0.625120575195781	69
-0.09884853067199	1.95897390968131	69
-0.11202007303952	1.22092553857097	176
0.11181058588084	0.92301589317198	275
0.00380555899901003	1.10468862389758	69
0.0125084637305	0.702533378979958	69
0.01806219958653	0.73631284645369	69
