group	x	y	showSelected1
1	4080	24	149
1	4080	24	598
1	4080	24	515
1	4080	24	181
2	4130	24	515
2	4130	24	279
2	4130	24	111
2	4130	24	267
2	4130	24	238
2	4130	24	598
2	4130	24	149
2	4130	24	1395
2	4130	24	531
2	4130	24	390
2	4130	24	1954
2	4130	24	1290
2	4130	24	804
2	4130	24	605
2	4130	24	316
2	4130	24	25
2	4130	24	654
2	4130	24	864
2	4130	24	844
2	4130	24	1030
2	4130	24	1308
2	4130	24	1073
2	4130	24	1394
2	4130	24	331
2	4130	24	1433
2	4130	24	373
2	4130	24	1298
2	4130	24	741
2	4130	24	2131
2	4130	24	920
2	4130	24	1067
2	4130	24	735
2	4130	24	1147
2	4130	24	1492
2	4130	24	1059
2	4130	24	1269
2	4130	24	358
2	4130	24	2200
2	4130	24	1305
2	4130	24	2109
2	4130	24	446
3	4130	74	238
3	4130	74	58
6	4180	74	58
6	4180	74	73
6	4180	74	38
6	4180	74	1598
6	4180	74	655
6	4180	74	238
6	4180	74	1100
6	4180	74	66
6	4180	74	556
6	4180	74	1778
6	4180	74	37
6	4180	74	1689
6	4180	74	233
6	4180	74	464
6	4180	74	284
6	4180	74	371
6	4180	74	331
6	4180	74	776
6	4180	74	1250
6	4180	74	875
6	4180	74	2257
6	4180	74	496
6	4180	74	881
6	4180	74	293
6	4180	74	301
6	4180	74	1159
6	4180	74	790
6	4180	74	851
6	4180	74	1893
5	4180	124	38
5	4180	124	37
8	4230	124	37
8	4230	124	730
8	4230	124	2003
8	4230	124	287
8	4230	124	182
8	4230	124	412
8	4230	124	125
8	4230	124	265
8	4230	124	1121
8	4230	124	431
8	4230	124	246
8	4230	124	1443
8	4230	124	124
8	4230	124	1204
8	4230	124	1940
8	4230	124	1300
8	4230	124	931
8	4230	124	1676
8	4230	124	38
8	4230	124	1447
8	4230	124	2273
8	4230	124	603
8	4230	124	534
8	4230	124	623
8	4230	124	1026
8	4230	124	29
8	4230	124	280
8	4230	124	389
8	4230	124	1268
8	4230	124	2218
8	4230	124	1000
8	4230	124	1427
8	4230	124	76
8	4230	124	2213
8	4230	124	2084
9	4230	174	412
9	4230	174	265
9	4230	174	539
9	4230	174	246
9	4230	174	48
13	4280	174	48
13	4280	174	2302
13	4280	174	1150
13	4280	174	249
13	4280	174	139
13	4280	174	859
13	4280	174	1256
13	4280	174	1108
13	4280	174	1788
13	4280	174	669
13	4280	174	1830
13	4280	174	68
13	4280	174	1979
13	4280	174	2164
13	4280	174	1066
13	4280	174	945
13	4280	174	816
13	4280	174	1114
13	4280	174	1792
13	4280	174	1499
13	4280	174	429
13	4280	174	365
13	4280	174	246
13	4280	174	1255
13	4280	174	1670
13	4280	174	2214
13	4280	174	1783
13	4280	174	1774
13	4280	174	825
13	4280	174	833
13	4280	174	2026
13	4280	174	2095
13	4280	174	913
13	4280	174	416
13	4280	174	67
13	4280	174	1047
13	4280	174	1775
13	4280	174	1209
13	4280	174	471
13	4280	174	1999
13	4280	174	1425
13	4280	174	334
13	4280	174	280
13	4280	174	706
13	4280	174	1885
13	4280	174	1280
13	4280	174	1469
13	4280	174	45
13	4280	174	2281
13	4280	174	2061
13	4280	174	1475
13	4280	174	1915
13	4280	174	428
13	4280	174	2045
13	4280	174	835
13	4280	174	991
13	4280	174	723
13	4280	174	1631
13	4280	174	712
13	4280	174	368
13	4280	174	1095
13	4280	174	2252
13	4280	174	2060
13	4280	174	2301
13	4280	174	1927
13	4280	174	434
13	4280	174	1101
13	4280	174	427
13	4280	174	840
13	4280	174	1503
13	4280	174	2046
13	4280	174	1322
13	4280	174	418
13	4280	174	987
13	4280	174	1281
13	4280	174	1500
13	4280	174	247
13	4280	174	137
13	4280	174	1479
13	4280	174	1811
13	4280	174	304
13	4280	174	533
13	4280	174	1063
13	4280	174	1504
13	4280	174	897
13	4280	174	146
13	4280	174	527
13	4280	174	869
13	4280	174	2219
13	4280	174	318
13	4280	174	230
14	4280	224	1066
14	4280	224	68
14	4280	224	2176
14	4280	224	45
14	4280	224	24
14	4280	224	660
14	4280	224	824
14	4280	224	349
19	4330	224	24
19	4330	224	45
19	4330	224	545
19	4330	224	43
19	4330	224	224
19	4330	224	104
19	4330	224	1282
19	4330	224	105
19	4330	224	1510
19	4330	224	1745
19	4330	224	1872
19	4330	224	150
19	4330	224	2098
19	4330	224	614
19	4330	224	3
19	4330	224	2075
19	4330	224	1714
19	4330	224	298
19	4330	224	468
19	4330	224	1406
19	4330	224	749
19	4330	224	349
19	4330	224	648
19	4330	224	1702
19	4330	224	2162
19	4330	224	552
19	4330	224	1062
19	4330	224	2069
19	4330	224	1405
19	4330	224	2056
19	4330	224	1182
19	4330	224	2014
19	4330	224	980
19	4330	224	1736
19	4330	224	2122
19	4330	224	148
19	4330	224	1286
19	4330	224	1436
19	4330	224	1303
19	4330	224	2268
19	4330	224	733
19	4330	224	637
19	4330	224	986
19	4330	224	2318
19	4330	224	2111
19	4330	224	1075
19	4330	224	457
19	4330	224	702
19	4330	224	1876
19	4330	224	937
19	4330	224	491
19	4330	224	1646
19	4330	224	1542
19	4330	224	1207
19	4330	224	229
19	4330	224	1284
19	4330	224	734
19	4330	224	1288
19	4330	224	1183
19	4330	224	17
19	4330	224	2160
19	4330	224	708
19	4330	224	1653
19	4330	224	889
19	4330	224	1975
19	4330	224	138
19	4330	224	350
19	4330	224	1704
19	4330	224	2236
19	4330	224	1641
19	4330	224	1980
19	4330	224	2220
19	4330	224	1080
19	4330	224	384
19	4330	224	789
19	4330	224	1874
19	4330	224	550
19	4330	224	1444
19	4330	224	214
19	4330	224	2010
19	4330	224	2179
19	4330	224	1230
19	4330	224	592
19	4330	224	1092
19	4330	224	68
19	4330	224	475
19	4330	224	1790
19	4330	224	1636
19	4330	224	1589
19	4330	224	1226
19	4330	224	1926
19	4330	224	1530
19	4330	224	1712
19	4330	224	1265
19	4330	224	2112
19	4330	224	1869
19	4330	224	1823
19	4330	224	1187
19	4330	224	1102
19	4330	224	602
19	4330	224	2198
19	4330	224	1167
19	4330	224	1529
19	4330	224	2038
19	4330	224	1105
19	4330	224	728
19	4330	224	205
19	4330	224	1868
19	4330	224	845
19	4330	224	1632
19	4330	224	2211
19	4330	224	908
19	4330	224	677
19	4330	224	285
19	4330	224	1578
19	4330	224	1570
19	4330	224	1961
19	4330	224	1497
19	4330	224	697
19	4330	224	1812
19	4330	224	2040
19	4330	224	2025
19	4330	224	2128
19	4330	224	2250
19	4330	224	540
19	4330	224	577
19	4330	224	2008
19	4330	224	1687
19	4330	224	141
19	4330	224	1577
19	4330	224	1590
19	4330	224	2249
19	4330	224	2055
19	4330	224	97
19	4330	224	1571
19	4330	224	39
19	4330	224	81
19	4330	224	930
19	4330	224	145
19	4330	224	2096
19	4330	224	50
19	4330	224	1804
19	4330	224	794
19	4330	224	383
19	4330	224	1060
19	4330	224	1949
19	4330	224	1599
19	4330	224	2077
19	4330	224	1104
19	4330	224	1213
19	4330	224	2212
19	4330	224	7
19	4330	224	196
19	4330	224	1563
19	4330	224	1569
19	4330	224	232
19	4330	224	2232
19	4330	224	1679
19	4330	224	1582
19	4330	224	1948
19	4330	224	2204
19	4330	224	2000
19	4330	224	1215
19	4330	224	2006
19	4330	224	1808
19	4330	224	1234
19	4330	224	1916
19	4330	224	28
19	4330	224	1487
19	4330	224	10
19	4330	224	1430
19	4330	224	591
19	4330	224	1587
19	4330	224	1244
19	4330	224	1624
19	4330	224	2307
19	4330	224	159
19	4330	224	1185
19	4330	224	1585
19	4330	224	1990
19	4330	224	1966
19	4330	224	633
19	4330	224	1648
19	4330	224	847
19	4330	224	1068
19	4330	224	1264
19	4330	224	106
19	4330	224	244
19	4330	224	2275
19	4330	224	849
19	4330	224	2082
19	4330	224	2068
19	4330	224	543
19	4330	224	296
19	4330	224	2125
19	4330	224	2196
19	4330	224	793
19	4330	224	2197
19	4330	224	842
19	4330	224	1977
19	4330	224	1428
19	4330	224	411
19	4330	224	731
19	4330	224	1456
19	4330	224	1413
19	4330	224	1202
19	4330	224	344
19	4330	224	2251
19	4330	224	2296
19	4330	224	1749
19	4330	224	1463
19	4330	224	1734
19	4330	224	2030
19	4330	224	1461
19	4330	224	2130
19	4330	224	1257
19	4330	224	1558
19	4330	224	1130
19	4330	224	226
19	4330	224	1232
19	4330	224	670
19	4330	224	1208
19	4330	224	1871
19	4330	224	1519
19	4330	224	1309
19	4330	224	1246
19	4330	224	2311
19	4330	224	2172
19	4330	224	315
19	4330	224	1886
19	4330	224	1846
19	4330	224	704
19	4330	224	1312
19	4330	224	773
19	4330	224	1141
19	4330	224	1803
19	4330	224	1009
19	4330	224	1680
19	4330	224	1595
19	4330	224	1526
19	4330	224	343
19	4330	224	1079
20	4330	274	3
4	4180	24	238
4	4180	24	531
4	4180	24	654
4	4180	24	2297
4	4180	24	1094
4	4180	24	655
4	4180	24	233
4	4180	24	331
4	4180	24	1877
4	4180	24	2150
4	4180	24	776
4	4180	24	25
4	4180	24	371
4	4180	24	2310
4	4180	24	1516
4	4180	24	741
4	4180	24	892
4	4180	24	2272
4	4180	24	267
4	4180	24	293
4	4180	24	273
4	4180	24	1269
4	4180	24	38
4	4180	24	790
4	4180	24	446
4	4180	24	851
4	4180	24	1634
4	4180	24	358
4	4180	24	640
4	4180	24	515
4	4180	24	1512
4	4180	24	103
4	4180	24	1955
4	4180	24	2171
4	4180	24	65
4	4180	24	2123
4	4180	24	843
4	4180	24	2127
4	4180	24	359
4	4180	24	1688
4	4180	24	192
4	4180	24	632
4	4180	24	95
4	4180	24	1351
4	4180	24	1813
4	4180	24	1723
4	4180	24	1695
4	4180	24	1700
4	4180	24	1253
4	4180	24	1675
4	4180	24	1040
4	4180	24	1853
4	4180	24	1974
4	4180	24	820
4	4180	24	627
4	4180	24	1630
4	4180	24	1192
4	4180	24	2180
4	4180	24	1439
4	4180	24	878
4	4180	24	1299
4	4180	24	1755
4	4180	24	1409
4	4180	24	1099
4	4180	24	1240
12	4280	124	246
12	4280	124	265
12	4280	124	412
12	4280	124	431
12	4280	124	280
12	4280	124	931
12	4280	124	48
12	4280	124	1972
12	4280	124	1503
12	4280	124	479
12	4280	124	64
12	4280	124	247
12	4280	124	1781
12	4280	124	1722
12	4280	124	180
12	4280	124	146
12	4280	124	2315
12	4280	124	184
12	4280	124	427
12	4280	124	870
12	4280	124	125
12	4280	124	559
12	4280	124	448
12	4280	124	1962
12	4280	124	2238
12	4280	124	904
12	4280	124	209
12	4280	124	29
12	4280	124	249
12	4280	124	76
12	4280	124	1459
12	4280	124	513
12	4280	124	318
12	4280	124	1845
12	4280	124	463
12	4280	124	297
12	4280	124	1913
12	4280	124	721
12	4280	124	75
12	4280	124	836
12	4280	124	461
12	4280	124	516
12	4280	124	951
12	4280	124	1263
12	4280	124	165
12	4280	124	1796
12	4280	124	2155
12	4280	124	526
12	4280	124	994
12	4280	124	131
12	4280	124	158
12	4280	124	581
12	4280	124	86
12	4280	124	981
12	4280	124	707
12	4280	124	1266
12	4280	124	834
12	4280	124	494
12	4280	124	765
12	4280	124	115
12	4280	124	995
12	4280	124	2063
12	4280	124	422
12	4280	124	1801
12	4280	124	392
12	4280	124	1862
12	4280	124	467
12	4280	124	2313
12	4280	124	1386
12	4280	124	1855
12	4280	124	613
10	4230	74	1121
10	4230	74	37
10	4230	74	38
10	4230	74	1100
10	4230	74	435
10	4230	74	1096
10	4230	74	556
10	4230	74	1971
10	4230	74	957
10	4230	74	1970
10	4230	74	1451
10	4230	74	2227
10	4230	74	76
10	4230	74	496
10	4230	74	520
10	4230	74	301
10	4230	74	725
10	4230	74	703
10	4230	74	132
10	4230	74	492
10	4230	74	248
10	4230	74	851
10	4230	74	293
10	4230	74	420
10	4230	74	1864
10	4230	74	1737
10	4230	74	2154
10	4230	74	719
10	4230	74	40
10	4230	74	586
10	4230	74	1779
10	4230	74	1780
10	4230	74	421
10	4230	74	1683
10	4230	74	827
10	4230	74	1343
10	4230	74	1685
10	4230	74	295
10	4230	74	117
10	4230	74	79
10	4230	74	424
10	4230	74	52
10	4230	74	624
10	4230	74	88
10	4230	74	15
10	4230	74	2262
10	4230	74	965
10	4230	74	1827
10	4230	74	714
10	4230	74	1568
18	4330	174	68
18	4330	174	45
18	4330	174	1228
18	4330	174	835
18	4330	174	807
18	4330	174	1983
18	4330	174	1577
18	4330	174	50
18	4330	174	401
18	4330	174	1663
18	4330	174	1599
18	4330	174	1815
18	4330	174	500
18	4330	174	1616
18	4330	174	145
18	4330	174	418
18	4330	174	1103
18	4330	174	1449
18	4330	174	137
18	4330	174	1584
18	4330	174	92
18	4330	174	244
18	4330	174	36
18	4330	174	736
18	4330	174	1811
18	4330	174	2242
18	4330	174	787
18	4330	174	159
18	4330	174	854
18	4330	174	2161
18	4330	174	1445
18	4330	174	1101
18	4330	174	344
18	4330	174	1969
18	4330	174	300
18	4330	174	1941
18	4330	174	226
18	4330	174	249
18	4330	174	1728
18	4330	174	1772
18	4330	174	681
18	4330	174	2248
18	4330	174	100
18	4330	174	75
18	4330	174	588
18	4330	174	49
18	4330	174	1838
18	4330	174	1496
18	4330	174	1957
18	4330	174	704
18	4330	174	1131
18	4330	174	1004
18	4330	174	1009
18	4330	174	947
18	4330	174	152
18	4330	174	2009
18	4330	174	153
18	4330	174	1919
18	4330	174	488
18	4330	174	1978
18	4330	174	1991
18	4330	174	1245
18	4330	174	1538
18	4330	174	1785
18	4330	174	1141
18	4330	174	711
18	4330	174	2306
18	4330	174	751
18	4330	174	1364
18	4330	174	744
18	4330	174	1706
18	4330	174	230
18	4330	174	1939
18	4330	174	1904
18	4330	174	341
18	4330	174	2246
18	4330	174	1696
18	4330	174	976
18	4330	174	2312
18	4330	174	1760
18	4330	174	1368
18	4330	174	2070
18	4330	174	321
18	4330	174	2288
18	4330	174	713
18	4330	174	1907
18	4330	174	1426
18	4330	174	618
18	4330	174	893
18	4330	174	1418
18	4330	174	343
18	4330	174	2102
18	4330	174	1043
18	4330	174	114
18	4330	174	1705
18	4330	174	2044
18	4330	174	155
18	4330	174	1267
18	4330	174	1338
18	4330	174	2184
18	4330	174	1184
18	4330	174	2048
18	4330	174	477
18	4330	174	2298
18	4330	174	2240
18	4330	174	770
18	4330	174	1536
18	4330	174	1235
18	4330	174	1214
18	4330	174	2175
18	4330	174	1243
18	4330	174	136
18	4330	174	361
18	4330	174	1422
18	4330	174	1173
18	4330	174	1534
18	4330	174	2087
18	4330	174	2158
18	4330	174	1572
18	4330	174	1149
18	4330	174	1339
18	4330	174	522
18	4330	174	2041
18	4330	174	668
18	4330	174	501
18	4330	174	374
18	4330	174	2013
18	4330	174	1697
18	4330	174	899
18	4330	174	337
18	4330	174	1154
18	4330	174	1776
18	4330	174	1467
18	4330	174	1924
18	4330	174	2101
18	4330	174	954
18	4330	174	1958
18	4330	174	785
18	4330	174	2316
18	4330	174	680
18	4330	174	1156
18	4330	174	2147
18	4330	174	2168
18	4330	174	2024
18	4330	174	1116
18	4330	174	1450
18	4330	174	2223
18	4330	174	1
18	4330	174	2247
18	4330	174	311
18	4330	174	2100
18	4330	174	852
18	4330	174	766
18	4330	174	953
18	4330	174	218
18	4330	174	1982
18	4330	174	2206
18	4330	174	1190
18	4330	174	1384
18	4330	174	2228
18	4330	174	1575
18	4330	174	278
18	4330	174	916
18	4330	174	796
18	4330	174	2064
18	4330	174	195
18	4330	174	1764
18	4330	174	530
18	4330	174	277
18	4330	174	868
18	4330	174	1291
18	4330	174	1626
18	4330	174	1168
18	4330	174	2271
18	4330	174	1667
18	4330	174	585
18	4330	174	635
18	4330	174	1854
18	4330	174	1601
18	4330	174	147
18	4330	174	1442
18	4330	174	1397
18	4330	174	2314
18	4330	174	1726
18	4330	174	235
18	4330	174	750
18	4330	174	1943
18	4330	174	1865
18	4330	174	2001
18	4330	174	562
18	4330	174	1229
18	4330	174	220
18	4330	174	831
18	4330	174	1022
18	4330	174	909
18	4330	174	426
18	4330	174	1178
18	4330	174	1350
18	4330	174	72
25	4380	224	1806
25	4380	224	3
25	4380	224	141
25	4380	224	7
25	4380	224	748
25	4380	224	1989
25	4380	224	10
25	4380	224	1186
25	4380	224	1466
25	4380	224	1323
25	4380	224	615
25	4380	224	405
25	4380	224	81
25	4380	224	1768
25	4380	224	1410
25	4380	224	2114
25	4380	224	351
25	4380	224	2156
25	4380	224	747
25	4380	224	1057
25	4380	224	1878
25	4380	224	342
25	4380	224	731
25	4380	224	2264
25	4380	224	1461
25	4380	224	700
25	4380	224	411
25	4380	224	910
25	4380	224	1879
25	4380	224	938
25	4380	224	251
25	4380	224	440
25	4380	224	296
25	4380	224	1489
25	4380	224	1554
25	4380	224	83
25	4380	224	400
25	4380	224	315
25	4380	224	563
25	4380	224	838
25	4380	224	2036
25	4380	224	1399
25	4380	224	1440
25	4380	224	1739
25	4380	224	1672
25	4380	224	1605
25	4380	224	1191
25	4380	224	93
25	4380	224	1420
25	4380	224	1141
25	4380	224	541
25	4380	224	402
25	4380	224	1902
25	4380	224	1544
25	4380	224	1532
25	4380	224	396
25	4380	224	1906
25	4380	224	600
25	4380	224	1181
25	4380	224	1058
25	4380	224	1042
25	4380	224	270
25	4380	224	1198
25	4380	224	1820
25	4380	224	2052
25	4380	224	2050
25	4380	224	1818
25	4380	224	1452
25	4380	224	343
25	4380	224	2085
25	4380	224	1591
25	4380	224	1998
25	4380	224	1819
25	4380	224	2151
25	4380	224	1963
25	4380	224	671
25	4380	224	329
25	4380	224	276
25	4380	224	1079
25	4380	224	140
25	4380	224	91
25	4380	224	546
25	4380	224	2116
25	4380	224	1677
25	4380	224	128
25	4380	224	2113
25	4380	224	2260
25	4380	224	2012
25	4380	224	2266
25	4380	224	2007
25	4380	224	2284
25	4380	224	970
25	4380	224	2011
25	4380	224	194
25	4380	224	867
25	4380	224	2300
25	4380	224	2267
25	4380	224	568
25	4380	224	133
25	4380	224	382
25	4380	224	2270
25	4380	224	2290
25	4380	224	1327
25	4380	224	9
25	4380	224	1528
25	4380	224	283
25	4380	224	1741
25	4380	224	1657
25	4380	224	2235
25	4380	224	1844
25	4380	224	764
25	4380	224	1716
25	4380	224	2188
25	4380	224	1189
25	4380	224	1003
25	4380	224	689
25	4380	224	857
25	4380	224	1645
25	4380	224	255
25	4380	224	636
25	4380	224	564
25	4380	224	1981
25	4380	224	1453
25	4380	224	1127
25	4380	224	593
25	4380	224	792
25	4380	224	1470
25	4380	224	2256
25	4380	224	450
25	4380	224	1231
25	4380	224	1494
25	4380	224	647
25	4380	224	32
25	4380	224	975
25	4380	224	1458
25	4380	224	70
25	4380	224	1964
25	4380	224	1362
25	4380	224	1199
25	4380	224	1402
25	4380	224	566
25	4380	224	1890
25	4380	224	239
25	4380	224	1576
25	4380	224	1555
25	4380	224	4
25	4380	224	1548
25	4380	224	1910
25	4380	224	1400
25	4380	224	1086
25	4380	224	1297
25	4380	224	1476
25	4380	224	1161
25	4380	224	1335
25	4380	224	22
25	4380	224	1407
25	4380	224	1398
25	4380	224	1888
25	4380	224	2086
25	4380	224	1758
25	4380	224	978
25	4380	224	1457
25	4380	224	1883
25	4380	224	2078
25	4380	224	1460
25	4380	224	1491
25	4380	224	1014
25	4380	224	1837
25	4380	224	1757
25	4380	224	82
25	4380	224	2208
25	4380	224	2319
25	4380	224	340
25	4380	224	1196
25	4380	224	236
25	4380	224	1828
25	4380	224	726
25	4380	224	1472
25	4380	224	1905
25	4380	224	1896
25	4380	224	1158
25	4380	224	1429
25	4380	224	946
25	4380	224	2295
25	4380	224	2294
25	4380	224	1891
25	4380	224	1623
25	4380	224	1850
25	4380	224	1136
25	4380	224	866
25	4380	224	1508
25	4380	224	1884
25	4380	224	781
25	4380	224	569
25	4380	224	610
25	4380	224	1021
25	4380	224	410
25	4380	224	1310
25	4380	224	1506
25	4380	224	1223
7	4230	24	293
7	4230	24	851
7	4230	24	65
7	4230	24	936
7	4230	24	1810
7	4230	24	2081
7	4230	24	2115
7	4230	24	79
7	4230	24	120
7	4230	24	192
7	4230	24	634
7	4230	24	549
7	4230	24	846
7	4230	24	424
7	4230	24	110
7	4230	24	2099
7	4230	24	2051
7	4230	24	1825
7	4230	24	88
7	4230	24	1099
7	4230	24	624
7	4230	24	53
7	4230	24	1480
7	4230	24	2053
7	4230	24	2108
7	4230	24	11
7	4230	24	1933
7	4230	24	240
7	4230	24	1694
7	4230	24	2293
7	4230	24	714
7	4230	24	1193
7	4230	24	366
7	4230	24	1521
7	4230	24	54
7	4230	24	1643
7	4230	24	2201
7	4230	24	2186
7	4230	24	1756
7	4230	24	2142
7	4230	24	506
7	4230	24	863
7	4230	24	2153
7	4230	24	616
7	4230	24	15
7	4230	24	2278
7	4230	24	915
7	4230	24	2144
7	4230	24	71
7	4230	24	432
7	4230	24	1148
7	4230	24	950
7	4230	24	258
7	4230	24	1731
7	4230	24	56
7	4230	24	189
7	4230	24	1638
7	4230	24	2118
7	4230	24	156
7	4230	24	1793
7	4230	24	665
7	4230	24	1107
7	4230	24	332
7	4230	24	129
7	4230	24	264
7	4230	24	204
7	4230	24	2089
7	4230	24	1698
7	4230	24	964
7	4230	24	1620
7	4230	24	1817
7	4230	24	1220
7	4230	24	596
15	4280	74	76
15	4280	74	40
15	4280	74	850
15	4280	74	1787
15	4280	74	951
15	4280	74	1306
15	4280	74	581
15	4280	74	705
15	4280	74	526
15	4280	74	430
15	4280	74	834
15	4280	74	52
15	4280	74	1454
15	4280	74	1640
15	4280	74	2287
15	4280	74	165
15	4280	74	1010
15	4280	74	117
15	4280	74	765
15	4280	74	1770
15	4280	74	645
15	4280	74	115
15	4280	74	15
15	4280	74	422
15	4280	74	425
15	4280	74	392
15	4280	74	1393
15	4280	74	1386
15	4280	74	1553
15	4280	74	613
15	4280	74	538
15	4280	74	578
15	4280	74	454
15	4280	74	408
15	4280	74	2283
15	4280	74	407
15	4280	74	142
15	4280	74	441
15	4280	74	746
15	4280	74	826
15	4280	74	1560
15	4280	74	234
15	4280	74	1212
15	4280	74	1113
15	4280	74	1110
15	4280	74	1833
15	4280	74	1759
15	4280	74	1847
15	4280	74	883
15	4280	74	934
15	4280	74	609
15	4280	74	42
15	4280	74	1816
15	4280	74	2185
15	4280	74	444
15	4280	74	2187
15	4280	74	1701
15	4280	74	2039
15	4280	74	102
15	4280	74	282
15	4280	74	207
17	4330	124	249
17	4330	124	230
17	4330	124	2044
17	4330	124	75
17	4330	124	1592
17	4330	124	146
17	4330	124	877
17	4330	124	158
17	4330	124	131
17	4330	124	1
17	4330	124	299
17	4330	124	1132
17	4330	124	1580
17	4330	124	1387
17	4330	124	1307
17	4330	124	495
17	4330	124	165
17	4330	124	796
17	4330	124	47
17	4330	124	1359
17	4330	124	1984
17	4330	124	2299
17	4330	124	1892
17	4330	124	2066
17	4330	124	737
17	4330	124	1371
17	4330	124	1372
17	4330	124	752
17	4330	124	303
17	4330	124	1227
17	4330	124	1835
17	4330	124	364
17	4330	124	1531
17	4330	124	231
17	4330	124	1684
17	4330	124	291
17	4330	124	604
17	4330	124	328
17	4330	124	220
17	4330	124	924
17	4330	124	1392
17	4330	124	1024
17	4330	124	212
17	4330	124	2072
17	4330	124	1763
17	4330	124	2222
17	4330	124	1126
17	4330	124	426
17	4330	124	1337
17	4330	124	1769
17	4330	124	404
17	4330	124	521
17	4330	124	1203
17	4330	124	109
17	4330	124	1385
17	4330	124	467
17	4330	124	2191
17	4330	124	96
17	4330	124	1025
17	4330	124	1350
17	4330	124	1826
17	4330	124	998
17	4330	124	1880
17	4330	124	1992
17	4330	124	193
17	4330	124	1219
17	4330	124	2193
17	4330	124	1304
17	4330	124	1829
17	4330	124	263
17	4330	124	72
17	4330	124	701
17	4330	124	841
17	4330	124	684
17	4330	124	2059
17	4330	124	823
17	4330	124	2320
17	4330	124	253
17	4330	124	664
17	4330	124	1013
17	4330	124	1938
17	4330	124	768
17	4330	124	963
17	4330	124	42
17	4330	124	1748
17	4330	124	1177
17	4330	124	134
17	4330	124	2054
17	4330	124	185
17	4330	124	1535
17	4330	124	1411
17	4330	124	1205
17	4330	124	362
17	4330	124	1379
17	4330	124	2199
17	4330	124	918
17	4330	124	1751
17	4330	124	59
17	4330	124	769
17	4330	124	724
17	4330	124	906
17	4330	124	583
17	4330	124	162
17	4330	124	1858
17	4330	124	2224
17	4330	124	1129
17	4330	124	1934
17	4330	124	118
17	4330	124	398
17	4330	124	1135
17	4330	124	1602
17	4330	124	482
17	4330	124	2210
17	4330	124	483
17	4330	124	469
17	4330	124	818
17	4330	124	1836
17	4330	124	1195
17	4330	124	2265
17	4330	124	2259
17	4330	124	597
17	4330	124	1767
17	4330	124	758
17	4330	124	151
17	4330	124	557
17	4330	124	1274
17	4330	124	1285
24	4380	174	343
24	4380	174	1349
24	4380	174	1141
24	4380	174	2284
24	4380	174	1967
24	4380	174	114
24	4380	174	1642
24	4380	174	692
24	4380	174	1518
24	4380	174	133
24	4380	174	517
24	4380	174	2235
24	4380	174	157
24	4380	174	167
24	4380	174	130
24	4380	174	522
24	4380	174	374
24	4380	174	1842
24	4380	174	385
24	4380	174	1645
24	4380	174	49
24	4380	174	2090
24	4380	174	1740
24	4380	174	1738
24	4380	174	2103
24	4380	174	2253
24	4380	174	277
24	4380	174	1564
24	4380	174	939
24	4380	174	255
24	4380	174	2183
24	4380	174	1238
24	4380	174	414
24	4380	174	32
24	4380	174	1671
24	4380	174	817
24	4380	174	1517
24	4380	174	1258
24	4380	174	916
24	4380	174	1918
24	4380	174	1861
24	4380	174	573
24	4380	174	2079
24	4380	174	890
24	4380	174	278
24	4380	174	4
24	4380	174	474
24	4380	174	1523
24	4380	174	1822
24	4380	174	2159
24	4380	174	1161
24	4380	174	1
24	4380	174	2221
24	4380	174	1109
24	4380	174	2065
24	4380	174	822
24	4380	174	1118
24	4380	174	1340
24	4380	174	1233
24	4380	174	419
24	4380	174	381
24	4380	174	1552
24	4380	174	1951
24	4380	174	1081
24	4380	174	22
24	4380	174	726
24	4380	174	476
24	4380	174	1898
24	4380	174	830
24	4380	174	1342
24	4380	174	1225
24	4380	174	1408
24	4380	174	1899
24	4380	174	1513
24	4380	174	1557
24	4380	174	1416
24	4380	174	1908
24	4380	174	1194
24	4380	174	1668
24	4380	174	1559
24	4380	174	2032
24	4380	174	2049
24	4380	174	413
24	4380	174	1160
24	4380	174	1710
24	4380	174	1138
24	4380	174	2317
24	4380	174	82
24	4380	174	831
24	4380	174	61
24	4380	174	886
24	4380	174	948
24	4380	174	219
24	4380	174	2294
24	4380	174	346
24	4380	174	791
24	4380	174	1895
24	4380	174	2207
24	4380	174	1782
24	4380	174	1807
24	4380	174	1294
24	4380	174	617
24	4380	174	188
24	4380	174	1236
24	4380	174	442
24	4380	174	1766
24	4380	174	1254
24	4380	174	35
24	4380	174	5
24	4380	174	1540
24	4380	174	41
24	4380	174	569
24	4380	174	1669
24	4380	174	1128
24	4380	174	410
24	4380	174	1164
24	4380	174	2094
24	4380	174	1165
24	4380	174	393
24	4380	174	1396
24	4380	174	1660
24	4380	174	31
24	4380	174	1720
24	4380	174	1369
24	4380	174	339
24	4380	174	1334
24	4380	174	1784
24	4380	174	336
24	4380	174	1881
24	4380	174	1090
24	4380	174	1163
24	4380	174	1537
24	4380	174	984
24	4380	174	661
24	4380	174	1709
24	4380	174	1468
24	4380	174	1650
24	4380	174	1887
24	4380	174	493
24	4380	174	1507
24	4380	174	1814
24	4380	174	415
24	4380	174	72
24	4380	174	742
24	4380	174	1326
24	4380	174	1654
24	4380	174	1900
24	4380	174	2304
24	4380	174	829
24	4380	174	144
24	4380	174	1414
24	4380	174	489
24	4380	174	325
24	4380	174	2092
24	4380	174	795
24	4380	174	2277
24	4380	174	885
24	4380	174	2120
24	4380	174	1524
24	4380	174	372
24	4380	174	1325
24	4380	174	576
24	4380	174	1412
24	4380	174	502
24	4380	174	1539
24	4380	174	662
24	4380	174	1752
24	4380	174	1273
24	4380	174	1608
24	4380	174	1661
24	4380	174	1153
24	4380	174	197
24	4380	174	2002
24	4380	174	2165
24	4380	174	173
24	4380	174	1224
24	4380	174	2243
24	4380	174	2124
24	4380	174	1493
24	4380	174	1050
24	4380	174	2308
24	4380	174	290
24	4380	174	1421
24	4380	174	507
24	4380	174	1313
24	4380	174	656
24	4380	174	579
24	4380	174	1358
24	4380	174	1046
24	4380	174	1581
24	4380	174	2139
24	4380	174	395
24	4380	174	380
24	4380	174	186
24	4380	174	2166
24	4380	174	688
24	4380	174	2170
24	4380	174	1320
24	4380	174	1321
24	4380	174	547
24	4380	174	1848
24	4380	174	323
24	4380	174	941
24	4380	174	1061
24	4380	174	2121
24	4380	174	1356
24	4380	174	451
24	4380	174	762
24	4380	174	378
24	4380	174	1417
24	4380	174	1713
24	4380	174	528
24	4380	174	919
24	4380	174	1652
24	4380	174	459
24	4380	174	1773
24	4380	174	1882
24	4380	174	1718
24	4380	174	1082
24	4380	174	439
24	4380	174	2129
24	4380	174	1541
24	4380	174	1052
24	4380	174	121
24	4380	174	558
24	4380	174	30
24	4380	174	1573
24	4380	174	1651
24	4380	174	1719
24	4380	174	1665
24	4380	174	717
24	4380	174	1404
24	4380	174	326
24	4380	174	387
24	4380	174	179
24	4380	174	961
24	4380	174	1097
24	4380	174	1424
24	4380	174	548
24	4380	174	1388
24	4380	174	1370
24	4380	174	260
11	4280	24	15
11	4280	24	432
11	4280	24	117
11	4280	24	88
11	4280	24	234
11	4280	24	896
11	4280	24	977
11	4280	24	204
11	4280	24	142
11	4280	24	2089
11	4280	24	1987
11	4280	24	1929
11	4280	24	102
11	4280	24	891
11	4280	24	129
11	4280	24	42
11	4280	24	596
11	4280	24	60
11	4280	24	282
11	4280	24	207
11	4280	24	927
11	4280	24	1157
11	4280	24	1621
11	4280	24	27
11	4280	24	222
11	4280	24	164
11	4280	24	544
11	4280	24	213
11	4280	24	2117
11	4280	24	1481
11	4280	24	2181
11	4280	24	1545
11	4280	24	1798
11	4280	24	160
11	4280	24	2276
11	4280	24	1986
11	4280	24	409
11	4280	24	1012
11	4280	24	1419
11	4280	24	460
11	4280	24	806
11	4280	24	347
11	4280	24	529
11	4280	24	363
11	4280	24	1994
11	4280	24	1315
11	4280	24	13
11	4280	24	324
11	4280	24	1448
11	4280	24	1216
23	4380	124	72
23	4380	124	144
23	4380	124	1350
23	4380	124	253
23	4380	124	756
23	4380	124	1
23	4380	124	1486
23	4380	124	35
23	4380	124	1180
23	4380	124	583
23	4380	124	121
23	4380	124	1574
23	4380	124	1314
23	4380	124	906
23	4380	124	1849
23	4380	124	1352
23	4380	124	1514
23	4380	124	646
23	4380	124	905
23	4380	124	528
23	4380	124	398
23	4380	124	512
23	4380	124	1744
23	4380	124	118
23	4380	124	46
23	4380	124	1174
23	4380	124	802
23	4380	124	928
23	4380	124	1703
23	4380	124	2265
23	4380	124	1786
23	4380	124	1210
23	4380	124	758
23	4380	124	929
23	4380	124	1031
23	4380	124	1857
23	4380	124	1889
23	4380	124	597
23	4380	124	2067
23	4380	124	85
23	4380	124	326
23	4380	124	191
23	4380	124	900
23	4380	124	767
23	4380	124	1434
23	4380	124	1562
23	4380	124	780
23	4380	124	862
23	4380	124	973
23	4380	124	1533
23	4380	124	1097
23	4380	124	1944
23	4380	124	1996
23	4380	124	658
23	4380	124	958
23	4380	124	1633
23	4380	124	1747
23	4380	124	1600
23	4380	124	1091
23	4380	124	455
23	4380	124	2255
23	4380	124	855
23	4380	124	499
23	4380	124	821
23	4380	124	1515
23	4380	124	44
23	4380	124	306
23	4380	124	1278
23	4380	124	1937
23	4380	124	2174
23	4380	124	163
23	4380	124	260
23	4380	124	1285
23	4380	124	20
23	4380	124	1727
23	4380	124	757
23	4380	124	1656
23	4380	124	2195
23	4380	124	753
23	4380	124	2027
23	4380	124	876
23	4380	124	1859
23	4380	124	872
23	4380	124	312
23	4380	124	1644
23	4380	124	882
23	4380	124	952
23	4380	124	1897
23	4380	124	1867
23	4380	124	1611
23	4380	124	1762
23	4380	124	967
23	4380	124	1549
23	4380	124	294
23	4380	124	1366
23	4380	124	1715
23	4380	124	1316
23	4380	124	678
23	4380	124	519
23	4380	124	2241
23	4380	124	1945
23	4380	124	375
23	4380	124	271
23	4380	124	1612
23	4380	124	216
23	4380	124	1222
23	4380	124	874
23	4380	124	161
23	4380	124	1471
23	4380	124	880
23	4380	124	259
23	4380	124	1007
23	4380	124	1604
23	4380	124	1332
23	4380	124	1390
23	4380	124	1331
23	4380	124	1520
23	4380	124	652
23	4380	124	1277
23	4380	124	1242
23	4380	124	26
23	4380	124	638
23	4380	124	710
23	4380	124	2107
21	4330	74	165
21	4330	74	42
21	4330	74	837
21	4330	74	2140
21	4330	74	746
21	4330	74	784
21	4330	74	425
21	4330	74	1401
21	4330	74	960
21	4330	74	59
21	4330	74	555
21	4330	74	55
21	4330	74	1027
21	4330	74	536
21	4330	74	444
21	4330	74	142
21	4330	74	1053
21	4330	74	989
21	4330	74	151
21	4330	74	469
21	4330	74	786
21	4330	74	557
21	4330	74	282
21	4330	74	200
21	4330	74	207
21	4330	74	597
21	4330	74	1932
21	4330	74	626
21	4330	74	691
21	4330	74	1032
21	4330	74	406
21	4330	74	1403
21	4330	74	1285
21	4330	74	1594
21	4330	74	1248
21	4330	74	2018
21	4330	74	1495
21	4330	74	20
21	4330	74	743
21	4330	74	690
21	4330	74	172
21	4330	74	201
21	4330	74	1381
21	4330	74	417
21	4330	74	1546
21	4330	74	649
21	4330	74	589
21	4330	74	2037
21	4330	74	1625
21	4330	74	2132
21	4330	74	1606
21	4330	74	1873
21	4330	74	1056
21	4330	74	1329
21	4330	74	922
21	4330	74	228
21	4330	74	687
21	4330	74	1462
21	4330	74	423
21	4330	74	2245
21	4330	74	2231
21	4330	74	320
21	4330	74	561
21	4330	74	1435
21	4330	74	175
21	4330	74	1935
21	4330	74	2105
21	4330	74	472
21	4330	74	663
21	4330	74	832
21	4330	74	262
29	4430	174	493
29	4430	174	290
29	4430	174	656
29	4430	174	395
29	4430	174	186
29	4430	174	1627
29	4430	174	2028
29	4430	174	567
29	4430	174	1628
29	4430	174	861
29	4430	174	643
29	4430	174	2169
29	4430	174	1330
29	4430	174	760
29	4430	174	1078
29	4430	174	1341
29	4430	174	1942
29	4430	174	813
29	4430	174	1909
29	4430	174	1525
29	4430	174	1875
29	4430	174	1373
29	4430	174	2285
29	4430	174	1166
29	4430	174	659
29	4430	174	41
29	4430	174	1894
29	4430	174	1275
29	4430	174	580
29	4430	174	558
29	4430	174	1925
29	4430	174	962
29	4430	174	1162
29	4430	174	1923
29	4430	174	30
29	4430	174	917
29	4430	174	2226
29	4430	174	926
29	4430	174	1251
29	4430	174	31
29	4430	174	2083
29	4430	174	1336
29	4430	174	667
29	4430	174	971
29	4430	174	309
29	4430	174	1117
29	4430	174	1065
29	4430	174	1292
29	4430	174	1377
29	4430	174	1120
29	4430	174	2157
29	4430	174	1649
29	4430	174	1064
29	4430	174	35
29	4430	174	1239
29	4430	174	1629
29	4430	174	1543
29	4430	174	1682
29	4430	174	1761
29	4430	174	462
29	4430	174	1742
29	4430	174	1237
29	4430	174	260
29	4430	174	33
29	4430	174	1415
29	4430	174	198
29	4430	174	1917
29	4430	174	1345
29	4430	174	14
29	4430	174	1809
29	4430	174	514
29	4430	174	2269
29	4430	174	2057
29	4430	174	484
29	4430	174	1028
29	4430	174	345
29	4430	174	57
29	4430	174	2194
29	4430	174	2280
29	4430	174	949
29	4430	174	2225
29	4430	174	1732
29	4430	174	1478
29	4430	174	12
29	4430	174	1797
16	4330	24	282
16	4330	24	207
16	4330	24	1928
16	4330	24	1765
16	4330	24	201
16	4330	24	42
16	4330	24	1329
16	4330	24	102
16	4330	24	997
16	4330	24	1144
16	4330	24	2035
16	4330	24	1903
16	4330	24	1798
16	4330	24	1012
16	4330	24	1018
16	4330	24	423
16	4330	24	174
16	4330	24	1435
16	4330	24	13
16	4330	24	2017
16	4330	24	175
16	4330	24	1249
16	4330	24	663
16	4330	24	256
16	4330	24	498
16	4330	24	1693
16	4330	24	84
16	4330	24	509
16	4330	24	966
16	4330	24	262
16	4330	24	1438
16	4330	24	1216
16	4330	24	523
16	4330	24	570
16	4330	24	672
16	4330	24	608
16	4330	24	21
16	4330	24	1378
16	4330	24	673
16	4330	24	1179
16	4330	24	87
16	4330	24	572
16	4330	24	537
16	4330	24	1615
16	4330	24	619
16	4330	24	1968
16	4330	24	809
26	4380	74	1285
26	4380	74	118
26	4380	74	557
26	4380	74	20
26	4380	74	200
26	4380	74	2071
26	4380	74	589
26	4380	74	2149
26	4380	74	1824
26	4380	74	1945
26	4380	74	642
26	4380	74	1843
26	4380	74	1446
26	4380	74	2245
26	4380	74	320
26	4380	74	1753
26	4380	74	98
26	4380	74	271
26	4380	74	1122
26	4380	74	1033
26	4380	74	2229
26	4380	74	59
26	4380	74	1743
26	4380	74	561
26	4380	74	943
26	4380	74	108
26	4380	74	2022
26	4380	74	921
26	4380	74	472
26	4380	74	1690
26	4380	74	72
26	4380	74	1049
26	4380	74	1017
26	4380	74	508
26	4380	74	1735
26	4380	74	1176
26	4380	74	1311
26	4380	74	2031
26	4380	74	360
26	4380	74	1637
26	4380	74	107
26	4380	74	228
26	4380	74	1681
26	4380	74	34
26	4380	74	595
26	4380	74	1483
26	4380	74	26
26	4380	74	458
26	4380	74	175
26	4380	74	1795
26	4380	74	1088
26	4380	74	710
26	4380	74	433
26	4380	74	1302
26	4380	74	1831
26	4380	74	1733
26	4380	74	505
26	4380	74	2177
26	4380	74	1133
26	4380	74	582
26	4380	74	865
26	4380	74	894
26	4380	74	170
26	4380	74	1011
26	4380	74	1365
26	4380	74	763
26	4380	74	1662
26	4380	74	90
26	4380	74	394
26	4380	74	2305
26	4380	74	1262
26	4380	74	848
26	4380	74	470
26	4380	74	2282
26	4380	74	6
26	4380	74	676
26	4380	74	639
26	4380	74	190
28	4430	124	260
28	4430	124	33
28	4430	124	1357
28	4430	124	1583
28	4430	124	44
28	4430	124	1805
28	4430	124	210
28	4430	124	1936
28	4430	124	473
28	4430	124	309
28	4430	124	1098
28	4430	124	1622
28	4430	124	375
28	4430	124	1511
28	4430	124	1509
28	4430	124	345
28	4430	124	772
28	4430	124	161
28	4430	124	305
28	4430	124	57
28	4430	124	1993
28	4430	124	625
28	4430	124	519
28	4430	124	514
28	4430	124	2074
28	4430	124	2194
28	4430	124	14
28	4430	124	72
28	4430	124	630
28	4430	124	465
28	4430	124	620
28	4430	124	657
28	4430	124	1771
28	4430	124	1376
28	4430	124	988
28	4430	124	19
28	4430	124	1020
28	4430	124	745
28	4430	124	1635
28	4430	124	12
28	4430	124	652
28	4430	124	1505
28	4430	124	565
28	4430	124	959
28	4430	124	16
28	4430	124	1172
28	4430	124	2034
28	4430	124	1317
28	4430	124	1001
28	4430	124	2279
28	4430	124	638
28	4430	124	1023
28	4430	124	80
28	4430	124	1550
28	4430	124	26
28	4430	124	1252
28	4430	124	1922
28	4430	124	974
28	4430	124	1055
28	4430	124	999
28	4430	124	2254
28	4430	124	798
28	4430	124	801
28	4430	124	1597
28	4430	124	1140
28	4430	124	1115
28	4430	124	898
28	4430	124	452
28	4430	124	911
28	4430	124	1139
28	4430	124	1659
28	4430	124	860
28	4430	124	1072
28	4430	124	2097
28	4430	124	2042
28	4430	124	2043
28	4430	124	551
28	4430	124	1678
28	4430	124	1074
28	4430	124	2261
28	4430	124	2019
28	4430	124	828
28	4430	124	1551
28	4430	124	338
28	4430	124	2189
28	4430	124	1197
28	4430	124	1119
28	4430	124	696
28	4430	124	695
28	4430	124	1707
28	4430	124	1498
28	4430	124	666
22	4380	24	175
22	4380	24	1733
22	4380	24	262
22	4380	24	1011
22	4380	24	433
22	4380	24	865
22	4380	24	2192
22	4380	24	87
22	4380	24	505
22	4380	24	509
22	4380	24	485
22	4380	24	2104
22	4380	24	1840
22	4380	24	84
22	4380	24	34
22	4380	24	1015
22	4380	24	288
22	4380	24	676
22	4380	24	470
22	4380	24	21
22	4380	24	1647
22	4380	24	504
22	4380	24	1125
22	4380	24	1389
22	4380	24	639
22	4380	24	13
22	4380	24	399
22	4380	24	63
22	4380	24	972
22	4380	24	1353
22	4380	24	715
22	4380	24	871
22	4380	24	481
22	4380	24	1218
22	4380	24	274
22	4380	24	1464
22	4380	24	178
22	4380	24	335
22	4380	24	99
22	4380	24	1490
22	4380	24	2244
22	4380	24	1870
22	4380	24	1482
22	4380	24	611
22	4380	24	799
22	4380	24	206
22	4380	24	584
22	4380	24	777
22	4380	24	74
22	4380	24	738
22	4380	24	2182
22	4380	24	1170
22	4380	24	1112
22	4380	24	755
22	4380	24	739
22	4380	24	1754
22	4380	24	879
22	4380	24	369
22	4380	24	268
30	4430	74	26
30	4430	74	710
30	4430	74	72
30	4430	74	170
30	4430	74	999
30	4430	74	582
30	4430	74	873
30	4430	74	1365
30	4430	74	90
30	4430	74	1800
30	4430	74	107
30	4430	74	19
30	4430	74	901
30	4430	74	394
30	4430	74	1054
30	4430	74	89
30	4430	74	1301
30	4430	74	6
30	4430	74	12
30	4430	74	932
30	4430	74	1318
30	4430	74	143
30	4430	74	356
30	4430	74	1995
30	4430	74	223
30	4430	74	761
30	4430	74	810
30	4430	74	1346
30	4430	74	639
30	4430	74	190
30	4430	74	1973
30	4430	74	1522
30	4430	74	641
30	4430	74	996
30	4430	74	2134
30	4430	74	1579
30	4430	74	1666
30	4430	74	112
30	4430	74	1664
30	4430	74	1380
30	4430	74	907
30	4430	74	453
30	4430	74	436
30	4430	74	2289
30	4430	74	811
30	4430	74	1639
30	4430	74	2291
30	4430	74	1965
30	4430	74	313
30	4430	74	1619
30	4430	74	2
30	4430	74	1328
30	4430	74	2088
30	4430	74	1586
30	4430	74	1146
30	4430	74	447
30	4430	74	101
30	4430	74	740
30	4430	74	2138
30	4430	74	518
30	4430	74	709
30	4430	74	1145
30	4430	74	2230
30	4430	74	261
30	4430	74	1083
30	4430	74	449
30	4430	74	1319
30	4430	74	1465
30	4430	74	354
30	4430	74	1985
30	4430	74	1200
30	4430	74	732
30	4430	74	154
30	4430	74	327
30	4430	74	653
30	4430	74	1211
30	4430	74	77
32	4480	124	12
32	4480	124	452
32	4480	124	1956
32	4480	124	2080
32	4480	124	1171
32	4480	124	1074
32	4480	124	317
32	4480	124	1551
32	4480	124	1484
32	4480	124	19
32	4480	124	352
32	4480	124	695
32	4480	124	397
32	4480	124	944
32	4480	124	1711
32	4480	124	1607
32	4480	124	2216
32	4480	124	1911
32	4480	124	1708
32	4480	124	1155
32	4480	124	353
32	4480	124	1295
32	4480	124	808
32	4480	124	2016
32	4480	124	357
32	4480	124	1901
32	4480	124	1717
32	4480	124	1382
32	4480	124	853
32	4480	124	1914
32	4480	124	1947
32	4480	124	203
32	4480	124	1618
32	4480	124	348
32	4480	124	503
32	4480	124	2119
32	4480	124	1344
32	4480	124	1005
32	4480	124	250
32	4480	124	1431
32	4480	124	2136
32	4480	124	2234
32	4480	124	1673
32	4480	124	621
32	4480	124	674
32	4480	124	123
32	4480	124	1367
32	4480	124	683
32	4480	124	51
32	4480	124	127
32	4480	124	113
27	4430	24	639
27	4430	24	190
27	4430	24	453
27	4430	24	63
27	4430	24	2
27	4430	24	676
27	4430	24	183
27	4430	24	178
27	4430	24	1789
27	4430	24	1863
27	4430	24	116
27	4430	24	313
27	4430	24	1391
27	4430	24	2141
27	4430	24	261
27	4430	24	1794
27	4430	24	594
27	4430	24	1488
27	4430	24	1985
27	4430	24	812
27	4430	24	206
27	4430	24	327
27	4430	24	1347
27	4430	24	650
27	4430	24	775
27	4430	24	2146
27	4430	24	1039
27	4430	24	1437
27	4430	24	443
27	4430	24	511
27	4430	24	355
27	4430	24	168
27	4430	24	675
27	4430	24	369
27	4430	24	888
27	4430	24	628
27	4430	24	1361
27	4430	24	607
27	4430	24	314
27	4430	24	2309
27	4430	24	2073
27	4430	24	1093
27	4430	24	1276
27	4430	24	177
27	4430	24	2152
27	4430	24	1502
27	4430	24	1355
27	4430	24	884
27	4430	24	319
27	4430	24	1997
27	4430	24	1851
27	4430	24	135
27	4430	24	1279
27	4430	24	1035
27	4430	24	1045
27	4430	24	2093
27	4430	24	542
27	4430	24	23
27	4430	24	94
27	4430	24	1375
27	4430	24	169
27	4430	24	1953
27	4430	24	774
27	4430	24	1293
27	4430	24	2190
27	4430	24	1423
27	4430	24	1259
27	4430	24	1931
27	4430	24	698
27	4430	24	1124
27	4430	24	237
27	4430	24	510
27	4430	24	2047
27	4430	24	1952
27	4430	24	2062
27	4430	24	2163
27	4430	24	1561
27	4430	24	631
27	4430	24	62
27	4430	24	1474
27	4430	24	1946
27	4430	24	1950
27	4430	24	2126
27	4430	24	2058
27	4430	24	1610
27	4430	24	1152
27	4430	24	1692
27	4430	24	720
27	4430	24	1271
27	4430	24	575
33	4480	74	12
33	4480	74	19
33	4480	74	518
33	4480	74	503
33	4480	74	2015
33	4480	74	622
33	4480	74	674
33	4480	74	449
33	4480	74	621
33	4480	74	89
33	4480	74	1746
33	4480	74	2209
33	4480	74	1556
33	4480	74	1106
33	4480	74	437
33	4480	74	154
33	4480	74	553
33	4480	74	1289
33	4480	74	18
33	4480	74	590
33	4480	74	732
33	4480	74	77
33	4480	74	1777
33	4480	74	685
33	4480	74	2205
33	4480	74	1725
33	4480	74	803
33	4480	74	51
33	4480	74	261
33	4480	74	992
33	4480	74	532
33	4480	74	127
33	4480	74	367
33	4480	74	805
33	4480	74	754
33	4480	74	718
33	4480	74	1002
33	4480	74	113
33	4480	74	1566
33	4480	74	1217
33	4480	74	1959
33	4480	74	759
33	4480	74	1019
33	4480	74	1006
33	4480	74	2004
33	4480	74	1123
33	4480	74	266
33	4480	74	887
33	4480	74	221
33	4480	74	2217
33	4480	74	788
33	4480	74	199
33	4480	74	1750
33	4480	74	1142
33	4480	74	1221
33	4480	74	1041
33	4480	74	1802
33	4480	74	2143
33	4480	74	1912
33	4480	74	245
33	4480	74	122
33	4480	74	2091
33	4480	74	1730
33	4480	74	211
33	4480	74	1087
31	4480	24	261
31	4480	24	675
31	4480	24	18
31	4480	24	69
31	4480	24	1959
31	4480	24	1084
31	4480	24	1547
31	4480	24	542
31	4480	24	135
31	4480	24	1423
31	4480	24	2167
31	4480	24	78
31	4480	24	310
31	4480	24	221
31	4480	24	62
31	4480	24	242
31	4480	24	486
31	4480	24	237
31	4480	24	2143
31	4480	24	1921
31	4480	24	651
31	4480	24	1175
31	4480	24	631
31	4480	24	1609
31	4480	24	1658
31	4480	24	1920
31	4480	24	257
31	4480	24	1603
31	4480	24	778
31	4480	24	716
31	4480	24	1034
31	4480	24	370
31	4480	24	797
31	4480	24	169
31	4480	24	1832
31	4480	24	682
31	4480	24	211
31	4480	24	985
31	4480	24	1070
31	4480	24	376
31	4480	24	319
31	4480	24	1655
31	4480	24	1087
31	4480	24	601
31	4480	24	227
31	4480	24	983
31	4480	24	956
31	4480	24	1137
31	4480	24	2135
31	4480	24	1821
31	4480	24	2202
31	4480	24	1729
31	4480	24	535
31	4480	24	254
31	4480	24	1008
31	4480	24	1866
31	4480	24	903
31	4480	24	923
31	4480	24	377
31	4480	24	727
31	4480	24	2203
31	4480	24	722
31	4480	24	1721
31	4480	24	969
31	4480	24	1976
31	4480	24	1473
31	4480	24	1324
31	4480	24	2033
31	4480	24	2237
31	4480	24	243
31	4480	24	269
31	4480	24	644
31	4480	24	1930
31	4480	24	1441
31	4480	24	1044
31	4480	24	2274
31	4480	24	1201
31	4480	24	571
31	4480	24	524
31	4480	24	629
31	4480	24	1283
31	4480	24	388
31	4480	24	1296
31	4480	24	1527
31	4480	24	1247
31	4480	24	1029
31	4480	24	225
31	4480	24	1016
31	4480	24	2133
31	4480	24	322
31	4480	24	1363
31	4480	24	171
31	4480	24	1960
31	4480	24	2263
31	4480	24	990
31	4480	24	1674
31	4480	24	1348
31	4480	24	2303
31	4480	24	2106
31	4480	24	699
31	4480	24	1169
35	4530	74	1019
35	4530	74	127
35	4530	74	693
35	4530	74	2217
35	4530	74	199
35	4530	74	779
35	4530	74	1856
35	4530	74	1691
35	4530	74	815
35	4530	74	694
35	4530	74	122
35	4530	74	2148
35	4530	74	1614
35	4530	74	788
35	4530	74	1791
35	4530	74	895
35	4530	74	2239
35	4530	74	1699
35	4530	74	1360
35	4530	74	1485
35	4530	74	1477
35	4530	74	1151
35	4530	74	211
35	4530	74	1260
35	4530	74	330
35	4530	74	215
35	4530	74	445
35	4530	74	1077
35	4530	74	1834
35	4530	74	1588
35	4530	74	574
35	4530	74	1270
35	4530	74	912
35	4530	74	856
35	4530	74	1567
35	4530	74	925
35	4530	74	1383
35	4530	74	940
35	4530	74	1686
35	4530	74	478
35	4530	74	1069
35	4530	74	1799
35	4530	74	438
35	4530	74	858
34	4530	24	211
34	4530	24	525
34	4530	24	254
34	4530	24	1501
34	4530	24	127
34	4530	24	982
34	4530	24	2033
34	4530	24	217
34	4530	24	478
34	4530	24	243
34	4530	24	187
34	4530	24	2021
34	4530	24	1272
34	4530	24	1839
34	4530	24	1287
34	4530	24	571
34	4530	24	490
34	4530	24	2145
34	4530	24	1841
34	4530	24	126
34	4530	24	18
34	4530	24	480
34	4530	24	252
34	4530	24	979
34	4530	24	272
34	4530	24	2137
34	4530	24	388
34	4530	24	166
34	4530	24	281
34	4530	24	729
34	4530	24	771
34	4530	24	69
34	4530	24	1565
34	4530	24	8
34	4530	24	679
34	4530	24	438
34	4530	24	2215
34	4530	24	1038
34	4530	24	554
34	4530	24	914
34	4530	24	942
34	4530	24	386
34	4530	24	1016
34	4530	24	171
34	4530	24	1333
34	4530	24	2020
34	4530	24	333
34	4530	24	686
34	4530	24	955
34	4530	24	403
34	4530	24	225
34	4530	24	1374
34	4530	24	2106
34	4530	24	902
34	4530	24	1432
34	4530	24	2286
34	4530	24	782
34	4530	24	2110
34	4530	24	1354
34	4530	24	1455
34	4530	24	599
34	4530	24	1143
34	4530	24	1613
34	4530	24	292
34	4530	24	1111
34	4530	24	2005
34	4530	24	2233
34	4530	24	1593
34	4530	24	935
34	4530	24	391
34	4530	24	1241
34	4530	24	202
34	4530	24	307
34	4530	24	1852
34	4530	24	2023
34	4530	24	2029
34	4530	24	587
34	4530	24	2173
34	4530	24	819
34	4530	24	933
34	4530	24	289
34	4530	24	302
34	4530	24	2076
34	4530	24	241
34	4530	24	1051
34	4530	24	466
34	4530	24	1188
34	4530	24	1071
34	4530	24	1037
34	4530	24	1134
34	4530	24	1724
34	4530	24	2258
36	4580	24	599
36	4580	24	814
36	4580	24	211
36	4580	24	1617
36	4580	24	69
36	4580	24	275
36	4580	24	379
36	4580	24	176
36	4580	24	466
36	4580	24	1596
36	4580	24	307
36	4580	24	1261
36	4580	24	800
36	4580	24	241
36	4580	24	1860
36	4580	24	497
36	4580	24	968
36	4580	24	2178
36	4580	24	208
36	4580	24	560
36	4580	24	606
36	4580	24	1206
36	4580	24	487
36	4580	24	839
36	4580	24	783
36	4580	24	286
36	4580	24	993
36	4580	24	1988
36	4580	24	119
36	4580	24	1089
36	4580	24	2292
36	4580	24	612
36	4580	24	1036
36	4580	24	1048
36	4580	24	1085
36	4580	24	1076
36	4580	24	456
36	4580	24	308
